"X","Miltal","Modellår","Hästkrafter","Län","Biltyp_halvkombi","Biltyp_kombi","Biltyp_sedan","Biltyp_suv","Drivning_2","Drivning_4","Färg_blå","Färg_brun","Färg_grå","Färg_grön","Färg_gul","Färg_ljusgrå","Färg_ljusgrön","Färg_mörkblå","Färg_mörkgrå","Färg_mörkgrön","Färg_orange","Färg_röd","Färg_silver","Färg_svart","Färg_vit","Pris..Y.","Märkell"
1,1491,2022,204,"kronoberg",1,0,0,0,1,0,0,0,1,0,0,0,0,0,0,0,0,0,0,0,0,349800,"hyundai_kona"
2,9800,2019,120,"västra götaland",0,0,1,0,1,0,0,0,0,0,0,0,0,0,0,0,0,0,0,1,0,144000,"hyundai_ioniq"
3,6729,2020,408,"skåne",0,0,0,1,0,1,0,0,0,0,0,0,0,0,0,0,0,0,0,1,0,528900,"audi_e-tron"
4,1270,2022,136,"uppsala",0,0,0,1,1,0,0,0,0,0,0,0,0,0,0,0,0,1,0,0,0,259900,"hyundai_kona"
5,11748,2020,136,"örebro",1,0,0,0,1,0,1,0,0,0,0,0,0,0,0,0,0,0,0,0,0,209800,"hyundai_ioniq"
6,4355,2020,408,"skåne",0,0,0,1,0,1,0,0,0,0,0,0,0,0,0,0,0,0,0,1,0,548900,"audi_e-tron"
7,6400,2022,204,"örebro",0,0,0,1,1,0,1,0,0,0,0,0,0,0,0,0,0,0,0,0,0,319800,"hyundai_kona"
8,7400,2020,204,"örebro",0,0,0,1,1,0,0,0,1,0,0,0,0,0,0,0,0,0,0,0,0,274800,"hyundai_kona"
9,4998,2020,204,"örebro",0,0,0,1,1,0,0,0,1,0,0,0,0,0,0,0,0,0,0,0,0,289800,"hyundai_kona"
10,3525,2020,204,"örebro",0,0,0,1,1,0,0,0,0,0,0,0,0,0,0,0,0,1,0,0,0,289800,"hyundai_kona"
11,3990,2023,476,"blekinge",0,0,1,0,0,1,0,0,0,0,0,0,0,0,0,0,0,0,0,1,0,867000,"audi_e-tron"
12,9975,2019,204,"blekinge",0,0,0,1,1,0,0,0,0,0,0,0,0,0,1,0,0,0,0,0,0,237000,"hyundai_kona"
13,4045,2022,300,"kalmar",0,0,0,1,0,1,0,0,1,0,0,0,0,0,0,0,0,0,0,0,0,549900,"audi_q4"
14,5100,2021,218,"västra götaland",0,0,1,0,1,0,0,0,1,0,0,0,0,0,0,0,0,0,0,0,0,459900,"hyundai_ioniq"
15,9100,2022,218,"jönköping",0,0,0,1,1,0,0,0,0,0,0,0,0,0,0,0,0,0,0,1,0,419900,"hyundai_ioniq"
16,4073,2021,408,"stockholm",0,0,0,1,0,1,0,0,1,0,0,0,0,0,0,0,0,0,0,0,0,534900,"audi_e-tron"
17,4277,2022,204,"stockholm",0,0,0,1,1,0,1,0,0,0,0,0,0,0,0,0,0,0,0,0,0,478900,"audi_q4"
18,10500,2019,408,"skåne",0,0,0,1,0,1,0,0,0,0,0,0,0,0,0,0,0,0,0,1,0,409800,"audi_e-tron"
19,3520,2021,504,"västra götaland",0,0,0,1,0,1,0,0,0,0,0,0,0,0,0,0,0,0,0,1,0,719800,"audi_e-tron"
20,9162,2019,408,"stockholm",0,0,0,1,0,1,0,0,0,0,0,0,0,0,0,0,0,0,0,1,0,425900,"audi_e-tron"
21,3977,2022,408,"stockholm",0,0,0,1,0,1,0,0,1,0,0,0,0,0,0,0,0,0,0,0,0,626900,"audi_e-tron"
22,3411,2022,204,"stockholm",0,0,0,1,1,0,0,1,0,0,0,0,0,0,0,0,0,0,0,0,0,343900,"hyundai_kona"
23,2289,2022,218,"stockholm",0,0,0,1,1,0,0,0,0,1,0,0,0,0,0,0,0,0,0,0,0,439900,"hyundai_ioniq"
24,2732,2022,170,"stockholm",0,0,0,1,1,0,0,0,0,0,0,0,0,0,0,0,0,0,0,1,0,386900,"audi_q4"
25,5483,2021,408,"stockholm",0,0,0,1,0,1,0,0,0,0,0,0,0,0,0,0,0,0,0,1,0,494900,"audi_e-tron"
26,1638,2022,170,"stockholm",0,0,0,1,1,0,0,0,1,0,0,0,0,0,0,0,0,0,0,0,0,391900,"audi_q4"
27,3550,2021,408,"stockholm",0,0,0,1,0,1,0,0,0,0,0,0,0,0,0,0,0,0,0,1,0,497900,"audi_e-tron"
28,9188,2019,408,"stockholm",0,0,0,1,0,1,0,0,1,0,0,0,0,0,0,0,0,0,0,0,0,384900,"audi_e-tron"
29,7466,2019,120,"stockholm",1,0,0,0,1,0,0,0,0,0,0,1,0,0,0,0,0,0,0,0,0,185900,"hyundai_ioniq"
30,7735,2020,136,"stockholm",1,0,0,0,1,0,0,0,0,0,0,0,0,0,0,0,0,0,0,0,1,208900,"hyundai_ioniq"
31,7417,2020,408,"stockholm",0,0,0,1,0,1,0,0,0,0,0,0,0,0,0,0,0,0,0,1,0,414900,"audi_e-tron"
32,5425,2022,408,"stockholm",0,0,0,1,0,1,1,0,0,0,0,0,0,0,0,0,0,0,0,0,0,620900,"audi_e-tron"
33,7052,2021,408,"stockholm",0,0,0,1,0,1,0,0,1,0,0,0,0,0,0,0,0,0,0,0,0,503900,"audi_e-tron"
34,2941,2022,408,"stockholm",0,0,0,1,0,1,0,0,0,0,0,0,0,0,0,0,0,0,0,0,1,628900,"audi_e-tron"
35,5244,2020,408,"stockholm",0,0,0,1,0,1,0,0,0,0,0,0,0,0,0,0,0,0,0,1,0,433900,"audi_e-tron"
36,5110,2020,136,"stockholm",0,0,0,1,1,0,0,0,0,0,0,0,0,0,0,0,0,0,0,0,1,199900,"hyundai_kona"
37,3478,2022,408,"stockholm",0,0,0,1,0,1,0,0,1,0,0,0,0,0,0,0,0,0,0,0,0,624900,"audi_e-tron"
38,5244,2022,300,"stockholm",0,0,0,1,0,1,0,0,0,0,0,0,0,0,0,0,0,0,0,1,0,504900,"audi_q4"
39,7367,2022,408,"stockholm",0,0,0,1,0,1,0,0,1,0,0,0,0,0,0,0,0,0,0,0,0,583900,"audi_e-tron"
40,2998,2023,204,"stockholm",0,0,0,1,1,0,0,0,1,0,0,0,0,0,0,0,0,0,0,0,0,474900,"audi_q4"
41,4373,2021,504,"stockholm",0,0,0,1,0,1,0,0,0,0,0,0,0,0,0,0,0,0,1,0,0,692900,"audi_e-tron"
42,1950,2022,204,"kalmar",0,0,0,1,1,0,0,0,0,0,0,0,0,0,0,0,0,0,0,1,0,379900,"hyundai_kona"
43,4232,2020,136,"stockholm",1,0,0,0,1,0,0,0,0,0,0,0,0,0,0,0,0,1,0,0,0,200000,"hyundai_ioniq"
44,8826,2020,408,"stockholm",0,0,0,1,0,1,0,0,1,0,0,0,0,0,0,0,0,0,0,0,0,479900,"audi_e-tron"
45,4000,2019,120,"örebro",1,0,0,0,1,0,0,0,1,0,0,0,0,0,0,0,0,0,0,0,0,199800,"hyundai_ioniq"
46,4200,2021,150,"skåne",1,0,0,0,1,0,0,0,0,0,0,0,0,0,0,0,0,0,0,1,0,189000,"nissan_leaf"
47,7880,2022,218,"örebro",1,0,0,0,1,0,0,0,0,0,0,0,0,0,0,0,0,0,0,0,1,279800,"nissan_leaf"
48,610,2023,150,"jönköping",1,0,0,0,1,0,0,0,0,0,0,0,0,1,0,0,0,0,0,0,0,298800,"nissan_leaf"
49,1500,2023,150,"västra götaland",1,0,0,0,1,0,0,0,0,0,0,0,0,0,0,0,0,0,0,0,1,309900,"nissan_leaf"
50,673,2022,150,"östergötland",1,0,0,0,1,0,0,0,0,0,0,0,0,0,0,0,0,0,0,0,1,219900,"nissan_leaf"
51,8227,214,109,"gotland",1,0,0,0,1,0,0,0,0,0,0,0,0,0,0,0,0,0,1,0,0,109800,"nissan_leaf"
52,605,2023,150,"kronoberg",1,0,0,0,1,0,0,0,0,0,0,0,0,1,0,0,0,0,0,0,0,259800,"nissan_leaf"
53,800,2022,150,"halland",1,0,0,0,1,0,0,0,0,0,0,0,0,1,0,0,0,0,0,0,0,279800,"nissan_leaf"
54,3300,2022,150,"stockholm",1,0,0,0,1,0,0,0,0,0,0,0,0,0,0,0,0,0,0,0,1,184900,"nissan_leaf"
55,6600,2019,150,"norrbotten",1,0,0,0,1,0,0,0,0,0,0,0,0,0,0,0,0,0,0,0,1,179900,"nissan_leaf"
56,11333,2017,109,"skåne",1,0,0,0,1,0,0,0,0,0,0,0,0,0,0,0,0,0,0,0,1,120000,"nissan_leaf"
57,14821,2018,150,"västmanland",1,0,0,0,1,0,0,0,0,0,0,0,0,0,0,0,0,1,0,0,0,159700,"nissan_leaf"
58,1528,2022,150,"stockholm",1,0,0,0,1,0,0,0,1,0,0,0,0,0,0,0,0,0,0,0,0,238900,"nissan_leaf"
59,3234,2021,150,"östergötland",1,0,0,0,1,0,0,0,0,0,0,0,0,0,0,0,0,0,0,0,1,198900,"nissan_leaf"
60,5892,2019,150,"skåne",1,0,0,0,1,0,0,0,0,0,0,0,0,0,0,0,0,0,0,0,1,197800,"nissan_leaf"
61,8491,2021,218,"stockholm",1,0,0,0,1,0,0,0,0,0,0,0,0,0,0,0,0,1,0,0,0,217900,"nissan_leaf"
62,8323,2018,150,"stockholm",1,0,0,0,1,0,0,0,0,0,0,0,0,0,0,0,0,1,0,0,0,159900,"nissan_leaf"
63,2149,2022,150,"stockholm",1,0,0,0,1,0,0,0,0,0,0,1,0,0,0,0,0,0,0,0,0,210900,"nissan_leaf"
64,8043,2021,218,"stockholm",1,0,0,0,1,0,0,0,1,0,0,0,0,0,0,0,0,0,0,0,0,221900,"nissan_leaf"
65,2826,2022,150,"stockholm",1,0,0,0,1,0,0,0,0,0,0,0,0,0,0,0,0,1,0,0,0,205900,"nissan_leaf"
66,2741,2022,150,"stockholm",1,0,0,0,1,0,0,0,1,0,0,0,0,0,0,0,0,0,0,0,0,205900,"nissan_leaf"
67,7385,2019,150,"stockholm",1,0,0,0,1,0,0,0,0,0,0,0,1,0,0,0,0,0,0,0,0,184900,"nissan_leaf"
68,4109,2022,150,"stockholm",1,0,0,0,1,0,0,0,0,0,0,0,0,0,0,0,0,0,0,0,1,189900,"nissan_leaf"
69,3158,2022,150,"stockholm",1,0,0,0,1,0,0,0,0,0,0,0,0,0,0,0,0,0,0,0,1,199900,"nissan_leaf"
70,3986,2021,150,"stockholm",1,0,0,0,1,0,0,0,0,0,0,0,0,0,0,0,0,0,0,0,1,181900,"nissan_leaf"
71,4085,2021,150,"stockholm",1,0,0,0,1,0,0,0,0,0,0,0,0,0,0,0,0,1,0,0,0,185900,"nissan_leaf"
72,1927,2022,218,"stockholm",1,0,0,0,1,0,0,0,1,0,0,0,0,0,0,0,0,0,0,0,0,290900,"nissan_leaf"
73,3998,2021,150,"stockholm",1,0,0,0,1,0,0,0,0,0,0,0,0,0,0,0,0,0,0,0,1,181900,"nissan_leaf"
74,3041,2021,150,"stockholm",1,0,0,0,1,0,0,0,0,0,0,0,0,0,0,0,0,0,0,0,1,178900,"nissan_leaf"
75,1504,2022,218,"stockholm",1,0,0,0,1,0,0,0,1,0,0,0,0,0,0,0,0,0,0,0,0,288900,"nissan_leaf"
76,6106,2019,150,"stockholm",1,0,0,0,1,0,0,0,0,0,0,0,0,0,0,0,0,0,0,0,1,176900,"nissan_leaf"
77,2720,2020,150,"jönköping",1,0,0,0,1,0,0,1,0,0,0,0,0,0,0,0,0,0,0,0,0,239900,"nissan_leaf"
78,15536,2020,218,"stockholm",1,0,0,0,1,0,0,0,0,0,0,0,0,0,1,0,0,0,0,0,0,199900,"nissan_leaf"
79,4468,2021,150,"kalmar",1,0,0,0,1,0,0,0,0,0,0,0,0,0,0,0,0,0,0,1,0,245000,"nissan_leaf"
80,9650,2016,109,"västra götaland",1,0,0,0,1,0,0,0,0,0,0,0,0,0,0,0,0,0,0,1,0,128800,"nissan_leaf"
81,2570,2022,150,"stockholm",1,0,0,0,1,0,0,0,0,0,0,1,0,0,0,0,0,0,0,0,0,214900,"nissan_leaf"
82,2723,2016,109,"halland",1,0,0,0,1,0,0,1,0,0,0,0,0,0,0,0,0,0,0,0,0,129000,"nissan_leaf"
83,2027,2020,150,"skåne",1,0,0,0,1,0,0,0,0,0,0,0,0,0,0,0,0,1,0,0,0,199900,"nissan_leaf"
84,567,2023,221,"västerbotten",0,0,0,1,1,0,0,0,0,0,0,0,0,0,0,1,0,0,0,0,0,499900,"nissan_ariya"
85,5310,2020,218,"jönköping",1,0,0,0,1,0,0,0,0,0,0,0,0,0,0,0,0,0,0,0,1,254900,"nissan_leaf"
86,2955,2022,150,"södermanland",1,0,0,0,1,0,0,0,0,0,0,0,0,0,0,0,0,0,0,0,1,209000,"nissan_leaf"
87,2078,2023,243,"stockholm",0,0,0,1,1,0,0,0,0,0,0,0,0,0,0,0,0,0,0,1,0,499900,"nissan_ariya"
88,3440,2021,150,"dalarna",1,0,0,0,1,0,0,0,0,0,0,0,0,0,0,0,0,1,0,0,0,209900,"nissan_leaf"
89,700,2023,243,"kalmar",0,0,0,1,1,0,0,0,0,0,0,1,0,0,0,0,0,0,0,0,0,599900,"nissan_ariya"
90,950,2023,243,"jönköping",0,0,0,1,1,0,1,0,0,0,0,0,0,0,0,0,0,0,0,0,0,579800,"nissan_ariya"
91,4990,2020,313,"östergötland",0,0,0,1,0,1,0,0,1,0,0,0,0,0,0,0,0,0,0,0,0,415900,"audi_e-tron"
92,9208,2020,313,"stockholm",0,0,0,1,0,1,0,0,0,0,0,0,0,0,0,0,0,0,0,1,0,354900,"audi_e-tron"
93,5326,2022,408,"stockholm",0,0,0,1,0,1,0,0,0,0,0,0,0,0,0,0,0,0,1,0,0,594900,"audi_e-tron"
94,3438,2020,408,"västra götaland",0,0,0,1,0,1,1,0,0,0,0,0,0,0,0,0,0,0,0,0,0,589800,"audi_e-tron"
95,4937,2020,313,"västra götaland",0,0,0,1,0,1,0,0,0,0,0,0,0,0,0,0,0,0,0,1,0,399800,"audi_e-tron"
96,500,2023,325,"jönköping",0,0,1,0,1,0,0,0,0,0,0,0,0,0,0,0,0,1,0,0,0,589900,"hyundai_ioniq"
97,900,2023,325,"jönköping",0,0,1,0,0,1,0,0,1,0,0,0,0,0,0,0,0,0,0,0,0,609900,"hyundai_ioniq"
98,7200,2019,204,"jönköping",1,0,0,0,1,0,0,0,0,0,0,0,0,0,0,0,1,0,0,0,0,259900,"hyundai_kona"
99,7213,2018,120,"uppsala",1,0,0,0,1,0,0,0,0,0,0,0,0,1,0,0,0,0,0,0,0,169400,"hyundai_ioniq"
100,2133,2021,204,"kronoberg",1,0,0,0,1,0,0,0,0,0,0,0,0,0,0,0,0,0,0,0,1,329800,"hyundai_kona"
101,8649,2017,120,"stockholm",1,0,0,0,1,0,0,0,0,0,0,0,0,0,0,0,0,0,1,0,0,177900,"hyundai_ioniq"
102,2952,2019,120,"västra götaland",1,0,0,0,1,0,0,0,0,0,0,0,0,0,0,0,0,0,1,0,0,184000,"hyundai_ioniq"
103,2070,2021,204,"kalmar",1,0,0,0,1,0,0,0,0,0,0,0,0,0,0,0,0,1,0,0,0,334900,"hyundai_kona"
104,6900,2020,204,"jönköping",0,0,0,1,1,0,0,0,0,0,0,0,0,0,0,0,0,0,0,0,1,269900,"hyundai_kona"
105,4500,2020,313,"västra götaland",0,0,0,1,0,1,0,0,0,0,0,0,0,0,0,0,0,0,0,1,0,439000,"audi_e-tron"
106,8897,2022,218,"kronoberg",0,0,0,1,1,0,0,0,0,0,0,0,0,0,0,0,0,0,0,0,1,419900,"hyundai_ioniq"
107,1554,2023,204,"skåne",0,0,0,1,1,0,0,0,1,0,0,0,0,0,0,0,0,0,0,0,0,549000,"audi_q4"
108,4000,2021,218,"jönköping",1,0,0,0,1,0,0,0,1,0,0,0,0,0,0,0,0,0,0,0,0,459800,"hyundai_ioniq"
109,1700,2023,325,"jönköping",0,0,1,0,0,1,0,0,0,0,0,0,0,0,0,0,0,0,0,0,1,599900,"hyundai_ioniq"
110,588,2023,229,"västra götaland",0,0,0,1,1,0,0,0,0,1,0,0,0,0,0,0,0,0,0,0,0,549900,"hyundai_ioniq"
111,5937,2020,136,"östergötland",1,0,0,0,1,0,0,0,1,0,0,0,0,0,0,0,0,0,0,0,0,229000,"hyundai_ioniq"
112,1600,2023,325,"örebro",0,0,1,0,0,1,1,0,0,0,0,0,0,0,0,0,0,0,0,0,0,609900,"hyundai_ioniq"
113,1600,2023,325,"örebro",0,0,1,0,0,1,1,0,0,0,0,0,0,0,0,0,0,0,0,0,0,599900,"hyundai_ioniq"
114,1900,2023,325,"örebro",0,0,0,1,0,1,0,0,1,0,0,0,0,0,0,0,0,0,0,0,0,548900,"hyundai_ioniq"
115,700,2024,218,"jönköping",0,0,0,1,1,0,0,0,1,0,0,0,0,0,0,0,0,0,0,0,0,595200,"hyundai_kona"
116,1000,2023,325,"jönköping",0,0,1,0,0,1,0,0,0,0,0,0,0,0,0,0,0,0,0,1,0,660700,"hyundai_ioniq"
117,2600,2019,120,"blekinge",1,0,0,0,1,0,0,0,0,0,0,0,0,0,0,0,0,0,0,0,1,219900,"hyundai_ioniq"
118,2600,2021,408,"västra götaland",0,0,0,1,0,1,0,0,0,0,0,0,0,0,0,0,0,1,0,0,0,619000,"audi_e-tron"
119,5656,2019,120,"skåne",1,0,0,0,1,0,1,0,0,0,0,0,0,0,0,0,0,0,0,0,0,184500,"hyundai_ioniq"
120,10283,2020,138,"västra götaland",1,0,0,0,1,0,0,0,0,0,0,0,0,0,0,0,0,0,0,0,1,219900,"hyundai_ioniq"
121,10895,2021,408,"värmland",0,0,0,1,0,1,0,0,0,0,0,0,0,0,0,0,0,0,0,1,0,439500,"audi_e-tron"
122,500,2023,325,"jönköping",0,0,1,0,1,0,0,0,0,0,0,0,0,0,0,0,0,0,0,1,0,639800,"hyundai_ioniq"
123,800,2024,218,"kalmar",0,0,0,1,1,0,0,0,1,0,0,0,0,0,0,0,0,0,0,0,0,569900,"hyundai_kona"
124,1400,2023,300,"västra götaland",0,0,0,1,0,1,0,0,0,0,0,0,0,0,0,0,0,0,0,1,0,605000,"audi_q4"
125,2990,2023,325,"västra götaland",0,0,1,0,0,1,0,0,1,0,0,0,0,0,0,0,0,0,0,0,0,634900,"hyundai_ioniq"
126,600,2023,325,"västra götaland",1,0,0,0,0,1,0,0,1,0,0,0,0,0,0,0,0,0,0,0,0,619900,"hyundai_ioniq"
127,3730,2020,408,"värmland",0,0,0,1,0,1,0,0,0,0,0,0,0,0,0,0,0,0,0,1,0,459500,"audi_e-tron"
128,600,2024,325,"kalmar",0,0,1,0,0,1,1,0,0,0,0,0,0,0,0,0,0,0,0,0,0,639800,"hyundai_ioniq"
129,1000,2023,325,"kalmar",0,0,1,0,0,1,0,0,0,0,0,0,0,0,0,0,0,0,0,0,1,599900,"hyundai_ioniq"
130,1350,2023,325,"jönköping",0,0,1,0,0,1,1,0,0,0,0,0,0,0,0,0,0,0,0,0,0,599900,"hyundai_ioniq"
131,500,2024,218,"kronoberg",0,0,0,1,1,0,0,0,1,0,0,0,0,0,0,0,0,0,0,0,0,595200,"hyundai_kona"
132,1290,2023,325,"jönköping",0,0,1,0,0,1,0,0,0,0,0,0,0,0,0,0,0,0,0,0,1,609900,"hyundai_ioniq"
133,9900,2020,204,"västra götaland",0,0,0,1,1,0,0,0,0,0,0,0,0,0,0,0,0,0,0,0,1,259900,"hyundai_kona"
134,800,2024,218,"västra götaland",0,0,0,1,1,0,0,0,0,0,0,0,0,0,0,0,0,0,0,0,1,549900,"hyundai_kona"
135,1500,2023,325,"västra götaland",0,0,1,0,0,1,1,0,0,0,0,0,0,0,0,0,0,0,0,0,0,599900,"hyundai_ioniq"
136,800,2023,325,"blekinge",0,0,0,1,1,0,0,0,0,0,1,0,0,0,0,0,0,0,0,0,0,639800,"hyundai_ioniq"
137,600,2023,325,"kronoberg",1,0,0,0,0,1,0,0,1,0,0,0,0,0,0,0,0,0,0,0,0,599900,"hyundai_ioniq"
138,850,2023,325,"blekinge",0,0,1,0,0,1,1,0,0,0,0,0,0,0,0,0,0,0,0,0,0,599900,"hyundai_ioniq"
139,3000,2020,120,"skåne",1,0,0,0,1,0,0,0,0,0,0,0,0,0,0,0,0,0,0,0,1,229900,"hyundai_ioniq"
140,3683,2022,300,"stockholm",0,0,0,1,0,1,0,0,0,0,0,0,0,0,1,0,0,0,0,0,0,457900,"volkswagen_id.4"
141,4423,2021,204,"stockholm",0,0,0,1,1,0,0,0,0,0,0,0,0,0,0,0,0,0,0,0,1,390900,"volkswagen_id.4"
142,2350,2021,204,"skåne",0,0,0,1,1,0,0,0,0,0,0,0,0,0,1,0,0,0,0,0,0,449900,"volkswagen_id.4"
143,2207,2022,300,"stockholm",0,0,0,1,0,1,0,0,0,0,0,0,0,0,1,0,0,0,0,0,0,494900,"volkswagen_id.4"
144,2789,2016,82,"västerbotten",1,0,0,0,1,0,0,0,0,0,0,0,0,0,0,0,0,0,0,0,1,129900,"volkswagen_e-up!"
145,7700,2015,82,"västra götaland",1,0,0,0,1,0,0,0,0,0,0,0,0,0,0,0,0,0,1,0,0,89000,"volkswagen_e-up!"
146,4478,2020,83,"stockholm",1,0,0,0,1,0,0,0,0,0,1,0,0,0,0,0,0,0,0,0,0,153900,"volkswagen_e-up!"
147,9471,2020,83,"stockholm",1,0,0,0,1,0,0,0,0,0,0,0,0,0,0,0,0,0,0,0,1,144900,"volkswagen_e-up!"
148,3438,2022,300,"stockholm",0,0,0,1,0,1,0,0,0,0,0,0,0,0,0,0,0,0,0,0,1,449900,"volkswagen_id.4"
149,3820,2020,204,"stockholm",1,0,0,0,1,0,0,0,0,0,0,0,0,0,0,0,0,0,0,0,1,304900,"volkswagen_id.3"
150,2143,2022,300,"stockholm",0,0,0,1,0,1,0,0,0,0,0,0,0,0,0,0,0,0,0,0,1,455900,"volkswagen_id.4"
151,3253,2021,204,"stockholm",1,0,0,0,1,0,0,0,0,0,0,0,0,0,1,0,0,0,0,0,0,278900,"volkswagen_id.3"
152,5500,2021,204,"stockholm",1,0,0,0,1,0,0,0,0,0,0,0,0,0,1,0,0,0,0,0,0,351900,"volkswagen_id.3"
153,4969,2021,204,"stockholm",0,0,0,1,1,0,0,0,0,0,0,0,0,0,1,0,0,0,0,0,0,379900,"volkswagen_id.4"
154,4431,2021,170,"stockholm",0,0,0,1,1,0,0,0,1,0,0,0,0,0,0,0,0,0,0,0,0,324900,"volkswagen_id.4"
155,4979,2021,204,"stockholm",0,0,0,1,1,0,1,0,0,0,0,0,0,0,0,0,0,0,0,0,0,390900,"volkswagen_id.4"
156,2967,2022,300,"stockholm",0,0,0,1,0,1,0,0,0,0,0,0,0,0,0,0,0,0,1,0,0,458900,"volkswagen_id.5"
157,4878,2018,136,"stockholm",1,0,0,0,1,0,0,0,0,0,0,0,0,0,0,0,0,0,0,0,1,189900,"volkswagen_e-golf"
158,2969,2021,170,"stockholm",0,0,0,1,1,0,0,0,1,0,0,0,0,0,0,0,0,0,0,0,0,339900,"volkswagen_id.4"
159,5659,2021,204,"stockholm",0,0,0,1,1,0,1,0,0,0,0,0,0,0,0,0,0,0,0,0,0,368900,"volkswagen_id.4"
160,4388,2020,136,"stockholm",1,0,0,0,1,0,0,0,0,0,0,0,0,0,0,0,0,0,0,0,1,211900,"volkswagen_e-golf"
161,2226,2020,83,"västra götaland",1,0,0,0,1,0,0,0,0,0,0,0,0,0,0,0,0,0,0,0,1,140000,"volkswagen_e-up!"
162,1700,2020,83,"blekinge",1,0,0,0,1,0,0,0,0,0,0,0,0,0,0,0,0,0,0,0,1,189900,"volkswagen_e-up!"
163,2008,2020,83,"blekinge",1,0,0,0,1,0,0,0,0,0,0,0,0,0,0,0,0,0,0,0,1,179900,"volkswagen_e-up!"
164,6231,2021,204,"stockholm",0,0,0,1,1,0,0,0,0,0,0,0,0,0,0,0,0,0,0,0,1,407900,"volkswagen_id.4"
165,5800,2018,136,"västmanland",1,0,0,0,1,0,0,0,0,0,0,0,0,0,0,0,0,0,0,1,0,209900,"volkswagen_e-golf"
166,8200,2014,82,"stockholm",1,0,0,0,1,0,0,0,0,0,0,0,0,0,0,0,0,0,1,0,0,119900,"volkswagen_e-up!"
167,6200,2017,82,"blekinge",1,0,0,0,1,0,0,0,0,0,0,0,0,0,0,0,0,0,0,0,1,139000,"volkswagen_e-up!"
168,11865,2019,136,"norrbotten",1,0,0,0,1,0,0,0,0,0,0,0,0,0,0,0,0,0,0,0,1,199900,"volkswagen_e-golf"
169,5211,2018,136,"västra götaland",1,0,0,0,1,0,0,0,0,0,0,0,0,0,0,0,0,0,0,0,1,179800,"volkswagen_e-golf"
170,6624,2019,136,"västra götaland",1,0,0,0,1,0,0,0,0,0,0,0,0,0,0,0,0,0,0,0,1,184800,"volkswagen_e-golf"
171,5329,2018,136,"västra götaland",1,0,0,0,1,0,0,0,0,0,0,0,0,0,0,0,0,0,0,0,1,189900,"volkswagen_e-golf"
172,4491,2022,204,"stockholm",0,0,0,1,1,0,0,0,0,0,0,0,0,0,1,0,0,0,0,0,0,449900,"volkswagen_id.4"
173,2923,2020,136,"västerbotten",1,0,0,0,1,0,0,0,0,0,0,0,0,0,0,0,0,0,0,0,1,239000,"volkswagen_e-golf"
174,4315,2020,83,"dalarna",1,0,0,0,1,0,0,0,0,0,0,0,0,0,0,0,0,0,1,0,0,169900,"volkswagen_e-up!"
175,9082,2021,204,"västmanland",1,0,0,0,1,0,0,0,1,0,0,0,0,0,0,0,0,0,0,0,0,239000,"volkswagen_id.3"
176,10135,2021,204,"värmland",0,0,0,1,1,0,1,0,0,0,0,0,0,0,0,0,0,0,0,0,0,329500,"volkswagen_id.4"
177,2787,2021,204,"södermanland",1,0,0,0,1,0,0,0,1,0,0,0,0,0,0,0,0,0,0,0,0,274800,"volkswagen_id.3"
178,1700,2023,204,"västra götaland",0,0,0,1,1,0,0,0,1,0,0,0,0,0,0,0,0,0,0,0,0,419900,"volkswagen_id.4"
179,5843,2020,207,"stockholm",1,0,0,0,1,0,0,0,0,0,0,0,0,0,0,0,0,1,0,0,0,388800,"volkswagen_id.3"
180,3000,2021,204,"södermanland",1,0,0,0,1,0,0,0,0,0,0,0,0,0,0,0,0,0,0,0,1,307000,"volkswagen_id.3"
181,1560,2023,207,"västra götaland",0,0,0,1,1,0,1,0,0,0,0,0,0,0,0,0,0,0,0,0,0,439900,"volkswagen_id.4"
182,4530,2021,204,"stockholm",0,0,0,1,1,0,0,0,0,0,1,0,0,0,0,0,0,0,0,0,0,378900,"volkswagen_id.4"
183,5400,2022,300,"norrbotten",0,0,0,1,0,1,1,0,0,0,0,0,0,0,0,0,0,0,0,0,0,549900,"volkswagen_id.4"
184,1500,2023,300,"södermanland",0,0,0,1,0,1,0,0,0,0,0,0,0,0,0,0,0,0,0,1,0,549000,"volkswagen_id.4"
185,1740,2022,300,"södermanland",0,0,0,1,0,1,0,0,1,0,0,0,0,0,0,0,0,0,0,0,0,467500,"volkswagen_id.4"
186,2940,2022,300,"uppsala",0,0,0,1,0,1,0,0,0,0,0,0,0,0,0,0,0,0,0,0,1,484900,"volkswagen_id.4"
187,1045,2023,304,"västra götaland",0,0,0,1,0,1,0,0,0,0,0,0,0,0,0,0,0,0,0,1,0,549900,"volkswagen_id.4"
188,3229,2022,498,"stockholm",0,0,1,0,0,1,0,0,0,0,0,0,0,0,0,0,0,0,0,0,1,484900,"tesla_3"
189,2723,2021,441,"stockholm",0,0,1,0,0,1,0,0,0,0,0,0,0,0,0,0,0,0,0,1,0,434900,"tesla_3"
190,10500,2019,423,"skåne",0,0,0,1,0,1,0,0,1,0,0,0,0,0,0,0,0,0,0,0,0,549900,"tesla_x"
191,6315,2021,446,"västra götaland",0,0,1,0,0,1,0,0,1,0,0,0,0,0,0,0,0,0,0,0,0,438400,"tesla_3"
192,5902,2021,441,"norrbotten",0,0,1,0,0,1,0,0,0,0,0,0,0,0,0,0,0,0,0,0,1,448500,"tesla_3"
193,8183,2020,491,"stockholm",0,0,1,0,0,1,0,0,0,0,0,0,0,0,0,0,0,0,0,0,1,365900,"tesla_3"
194,7234,2021,441,"västmanland",0,0,1,0,0,1,0,0,0,0,0,0,0,0,0,0,0,0,0,0,1,399800,"tesla_3"
195,5200,2022,498,"kalmar",0,0,1,0,0,1,1,0,0,0,0,0,0,0,0,0,0,0,0,0,0,459700,"tesla_3"
196,3899,2020,510,"skåne",0,0,1,0,0,1,0,0,0,0,0,0,0,0,0,0,0,0,0,0,1,410900,"tesla_3"
197,5620,2021,513,"stockholm",0,0,1,0,0,1,0,0,1,0,0,0,0,0,0,0,0,0,0,0,0,428900,"tesla_3"
198,7308,2019,476,"stockholm",0,0,1,0,0,1,0,0,0,0,0,0,0,0,0,0,0,1,0,0,0,344900,"tesla_3"
199,8589,2021,441,"stockholm",0,0,1,0,0,1,0,0,0,0,0,0,0,0,0,0,0,0,0,0,1,374800,"tesla_3"
200,5321,2021,498,"stockholm",0,0,1,0,0,1,0,0,0,0,0,0,0,0,0,0,0,0,0,0,1,406900,"tesla_3"
201,11524,2015,423,"västra götaland",1,0,0,0,0,1,0,0,0,0,0,0,0,0,0,0,0,1,0,0,0,318900,"tesla_s"
202,17069,2019,762,"västra götaland",1,0,0,0,0,1,0,0,1,0,0,0,0,0,0,0,0,0,0,0,0,500000,"tesla_s"
203,16454,2015,334,"västra götaland",0,0,1,0,0,1,0,0,0,0,0,0,0,0,0,0,0,0,0,0,1,259900,"tesla_s"
204,10823,2016,423,"västra götaland",1,0,0,0,0,1,0,0,0,0,0,0,0,0,0,0,0,0,0,1,0,439900,"tesla_s"
205,15949,2016,540,"västra götaland",0,0,0,1,0,1,0,0,0,0,0,0,0,0,0,0,0,0,0,0,1,459900,"tesla_x"
206,15288,2015,334,"västra götaland",1,0,0,0,0,1,0,0,0,0,0,0,0,0,0,0,0,0,0,1,0,269900,"tesla_s"
207,2933,2020,441,"halland",0,0,1,0,0,1,0,0,0,0,0,0,0,0,0,0,0,0,0,1,0,409900,"tesla_3"
208,2499,2021,330,"västra götaland",0,0,1,0,0,1,0,0,0,0,0,0,0,0,0,0,0,0,0,0,1,387800,"tesla_3"
209,15024,2015,512,"västra götaland",1,0,0,0,0,1,0,0,1,0,0,0,0,0,0,0,0,0,0,0,0,375000,"tesla_s"
210,7710,2019,463,"västra götaland",0,0,1,0,0,1,1,0,0,0,0,0,0,0,0,0,0,0,0,0,0,349900,"tesla_3"
211,5718,2021,513,"skåne",0,0,1,0,0,1,0,0,0,0,0,0,0,0,0,0,0,0,0,0,1,499900,"tesla_3"
212,8898,2017,423,"skåne",0,0,0,1,0,1,0,0,0,0,0,0,0,0,0,0,0,0,0,0,1,499900,"tesla_x"
213,13400,2016,320,"skåne",1,0,0,0,0,1,0,0,0,0,0,0,0,0,0,0,0,0,0,0,1,319900,"tesla_s"
214,1000,2022,346,"skåne",0,0,0,1,0,1,0,0,1,0,0,0,0,0,0,0,0,0,0,0,0,509900,"tesla_y"
215,7995,2020,512,"skåne",1,0,0,0,0,1,0,0,1,0,0,0,0,0,0,0,0,0,0,0,0,579900,"tesla_s"
216,9997,2020,441,"skåne",0,0,1,0,0,1,0,0,0,0,0,0,0,0,0,0,0,0,0,0,1,349900,"tesla_3"
217,6998,2020,815,"skåne",1,0,0,0,0,1,0,0,0,0,0,0,0,0,0,0,0,0,0,0,1,899900,"tesla_s"
218,8998,2017,525,"skåne",0,0,0,1,0,1,0,0,1,0,0,0,0,0,0,0,0,0,0,0,0,699900,"tesla_x"
219,3798,2019,772,"skåne",1,0,0,0,0,1,0,0,0,0,0,0,0,0,0,0,0,0,0,1,0,849900,"tesla_s"
220,3298,2020,513,"skåne",0,0,1,0,0,1,0,0,0,0,0,0,0,0,0,0,0,0,0,0,1,519900,"tesla_3"
221,13100,2018,334,"södermanland",1,0,0,0,0,1,0,0,0,0,0,0,0,0,0,0,0,0,0,0,1,390000,"tesla_s"
222,9198,2020,259,"södermanland",0,0,1,0,0,1,0,0,0,0,0,0,0,0,0,0,0,1,0,0,0,319900,"tesla_3"
223,6906,2018,525,"uppsala",1,0,0,0,0,1,0,0,0,0,0,0,0,0,0,0,0,0,0,1,0,399900,"tesla_s"
224,3163,2022,346,"uppsala",0,0,0,1,0,1,0,0,0,0,0,0,0,0,0,0,0,0,0,0,1,589700,"tesla_y"
225,1600,2023,300,"västmanland",0,0,0,1,0,1,0,0,0,0,0,0,0,0,0,0,0,0,0,0,1,506000,"tesla_y"
226,5800,2022,513,"västmanland",0,0,1,0,0,1,0,0,0,0,0,0,0,0,0,0,0,0,0,0,1,469000,"tesla_3"
227,3451,2021,325,"stockholm",0,0,1,0,0,1,0,0,0,0,0,0,0,0,0,0,0,0,0,0,1,362900,"tesla_3"
228,5866,2021,498,"stockholm",0,0,1,0,0,1,0,0,0,0,0,0,0,0,0,0,0,0,0,0,1,402900,"tesla_3"
229,5045,2021,514,"stockholm",0,0,0,1,0,1,1,0,0,0,0,0,0,0,0,0,0,0,0,0,0,489900,"tesla_y"
230,2357,2021,514,"stockholm",0,0,0,1,0,1,0,0,0,0,0,0,0,0,0,0,0,0,0,0,1,491900,"tesla_y"
231,7740,2021,346,"stockholm",0,0,0,1,0,1,0,0,0,0,0,0,0,0,0,0,0,0,0,0,1,483900,"tesla_y"
232,3713,2019,441,"stockholm",0,0,1,0,0,1,1,0,0,0,0,0,0,0,0,0,0,0,0,0,0,376900,"tesla_3"
233,1605,2023,204,"stockholm",0,0,0,1,1,0,0,0,0,0,0,0,0,0,0,0,0,0,0,1,0,388900,"kia_niro"
234,4550,2020,204,"stockholm",0,0,0,1,1,0,0,0,0,0,0,0,0,0,0,0,0,0,0,0,1,299000,"kia_niro"
235,1100,2023,239,"skåne",0,0,0,1,1,0,0,0,1,0,0,0,0,0,0,0,0,0,0,0,0,529000,"kia_ev6"
236,934,2022,325,"skåne",0,0,0,1,1,0,0,0,0,0,0,0,0,0,0,0,0,0,0,0,1,559000,"kia_ev6"
237,4385,2020,204,"stockholm",0,0,0,1,1,0,0,0,0,0,0,0,0,0,0,0,0,0,0,0,1,298900,"kia_niro"
238,2401,2023,325,"västernorrland",0,0,0,1,1,0,0,0,1,0,0,0,0,0,0,0,0,0,0,0,0,579900,"kia_ev6"
239,777,2023,229,"kronoberg",0,0,0,1,1,0,0,0,0,0,0,0,0,0,0,0,0,0,0,1,0,625300,"kia_ev6"
240,5434,2019,204,"stockholm",0,0,0,1,1,0,0,0,1,0,0,0,0,0,0,0,0,0,0,0,0,281900,"kia_niro"
241,4394,2022,325,"stockholm",0,0,0,1,0,1,0,0,0,0,0,0,0,0,0,0,0,0,0,1,0,501900,"kia_ev6"
242,5004,2022,218,"stockholm",0,0,0,1,1,0,0,0,1,0,0,0,0,0,0,0,0,0,0,0,0,451900,"kia_ev6"
243,3032,2022,325,"stockholm",0,0,0,1,0,1,0,0,0,0,0,0,0,0,0,0,0,0,0,1,0,510900,"kia_ev6"
244,7387,2019,204,"stockholm",0,0,0,1,1,0,0,0,0,0,0,0,0,0,0,0,0,0,0,1,0,258900,"kia_niro"
245,2991,2023,325,"stockholm",0,0,0,1,0,1,1,0,0,0,0,0,0,0,0,0,0,0,0,0,0,519900,"kia_ev6"
246,1849,2023,325,"stockholm",0,0,0,1,0,1,0,0,0,0,0,0,0,0,0,0,0,1,0,0,0,558900,"kia_ev6"
247,8908,2022,325,"stockholm",0,0,0,1,0,1,0,0,0,0,0,0,0,0,0,0,0,0,0,1,0,476900,"kia_ev6"
248,7647,2021,204,"västra götaland",0,0,0,1,1,0,0,0,0,0,0,0,0,0,0,0,0,0,0,0,1,259900,"kia_soul"
249,1570,2022,204,"södermanland",0,0,0,1,1,0,0,0,0,0,0,0,0,0,0,0,0,0,0,0,1,334800,"kia_ev6"
250,11800,2015,136,"västra götaland",0,0,0,1,1,0,0,0,0,0,0,0,0,0,0,0,0,0,0,0,1,110000,"kia_soul"
251,5165,2022,325,"stockholm",0,0,0,1,0,1,1,0,0,0,0,0,0,0,0,0,0,0,0,0,0,517900,"kia_ev6"
252,3590,2021,204,"stockholm",0,0,0,1,1,0,0,0,0,0,0,0,0,0,0,0,0,0,0,1,0,320900,"kia_niro"
253,3537,2022,325,"stockholm",0,0,0,1,0,1,0,0,0,0,0,0,0,0,0,0,0,0,0,1,0,534900,"kia_ev6"
254,12900,2019,204,"stockholm",0,0,0,1,1,0,0,0,1,0,0,0,0,0,0,0,0,0,0,0,0,239900,"kia_niro"
255,1650,2023,204,"skåne",0,0,0,1,1,0,0,0,1,0,0,0,0,0,0,0,0,0,0,0,0,389000,"kia_niro"
256,5000,2021,204,"skåne",0,0,0,1,1,0,0,0,0,0,0,0,0,0,0,0,0,0,0,0,1,309000,"kia_niro"
257,1400,2023,229,"skåne",0,0,0,1,1,0,0,0,1,0,0,0,0,0,0,0,0,0,0,0,0,499000,"kia_ev6"
258,5848,2021,204,"västra götaland",0,0,0,1,1,0,0,0,0,0,0,0,0,0,0,0,0,0,0,1,0,299000,"kia_niro"
259,1155,2024,385,"västerbotten",0,0,0,1,0,1,0,0,0,0,0,0,0,0,0,0,0,0,0,0,1,809900,"kia_ev9"
260,520,2023,585,"skåne",0,0,0,1,0,1,0,0,0,0,0,0,0,0,0,0,0,1,0,0,0,649000,"kia_ev6"
261,4033,2019,111,"västra götaland",0,0,0,1,1,0,0,0,0,0,0,0,0,0,0,0,0,0,0,0,1,165000,"kia_soul"
262,13237,2016,136,"östergötland",0,0,0,1,1,0,0,0,0,0,0,0,0,0,0,0,0,0,0,0,1,139900,"kia_soul"
263,3900,2023,204,"skåne",0,0,0,1,1,0,0,0,0,0,0,0,0,0,0,0,0,0,0,0,1,385000,"kia_niro"
264,4780,2021,204,"dalarna",0,0,0,1,1,0,0,0,0,0,0,0,0,0,0,0,0,1,0,0,0,529000,"kia_ev6"
265,800,2024,385,"skåne",0,0,0,1,0,1,0,0,0,0,0,0,0,0,0,0,0,0,0,1,0,799000,"kia_ev9"
266,2690,2021,204,"skåne",0,0,0,1,1,0,0,0,1,0,0,0,0,0,0,0,0,0,0,0,0,339000,"kia_niro"
267,5412,2021,204,"skåne",0,0,0,1,1,0,0,0,1,0,0,0,0,0,0,0,0,0,0,0,0,279900,"kia_soul"
268,2000,2023,325,"skåne",0,0,0,1,0,1,0,0,0,0,0,0,0,0,0,0,0,0,0,0,1,579000,"kia_ev6"
269,6032,2020,204,"västra götaland",0,0,0,1,1,0,0,0,0,0,0,0,0,0,0,0,0,0,0,1,0,279000,"kia_niro"
270,1100,2024,385,"västra götaland",0,0,0,1,0,1,1,0,0,0,0,0,0,0,0,0,0,0,0,0,0,839000,"kia_ev9"
271,6140,2020,204,"skåne",0,0,0,1,1,0,0,0,0,0,0,0,0,0,0,0,0,0,0,1,0,279000,"kia_niro"
272,1000,2024,325,"västra götaland",0,0,0,1,0,1,0,0,0,0,0,0,0,0,0,0,0,0,0,0,1,638400,"kia_ev6"
273,500,2024,385,"västra götaland",0,0,0,1,0,1,0,0,1,0,0,0,0,0,0,0,0,0,0,0,0,819000,"kia_ev9"
274,5721,2020,204,"norrbotten",0,0,0,1,1,0,0,0,0,0,0,0,0,0,0,0,0,1,0,0,0,289900,"kia_soul"
275,6036,2021,204,"örebro",0,0,0,1,1,0,0,0,0,0,0,0,0,0,0,0,0,0,0,1,0,315800,"kia_niro"
276,2925,2023,325,"västra götaland",0,0,0,1,0,1,0,0,0,0,0,0,0,0,0,0,0,0,0,0,1,569000,"kia_ev6"
277,1500,2022,177,"kalmar",0,1,0,0,1,0,0,0,1,0,0,0,0,0,0,0,0,0,0,0,0,334900,"mg_5"
278,4380,2021,289,"blekinge",0,0,0,1,0,1,0,0,0,0,0,0,0,0,0,0,0,0,0,1,0,359800,"mg_r"
279,3609,2021,143,"jönköping",0,0,0,1,1,0,0,0,0,0,0,0,0,0,0,0,0,1,0,0,0,219400,"mg_zs"
280,1127,2022,177,"västra götaland",0,1,0,0,1,0,0,0,1,0,0,0,0,0,0,0,0,0,0,0,0,309900,"mg_5"
281,3579,2020,143,"jönköping",0,0,0,1,1,0,0,0,0,0,0,0,0,0,0,0,0,0,0,1,0,219900,"mg_zs"
282,3920,2021,157,"kalmar",0,0,0,1,1,0,0,0,0,0,0,0,0,0,0,0,0,0,0,0,1,299800,"mg_zs"
283,4180,2022,180,"stockholm",0,0,0,1,1,0,0,0,0,0,0,0,0,0,0,0,0,0,0,1,0,329900,"mg_r"
284,3129,2021,143,"stockholm",0,0,0,1,1,0,1,0,0,0,0,0,0,0,0,0,0,0,0,0,0,209900,"mg_zs"
285,1650,2020,143,"jönköping",0,0,1,0,1,0,0,0,0,0,0,0,0,0,0,0,0,0,0,1,0,219900,"mg_zs"
286,1329,2022,289,"södermanland",0,0,0,1,0,1,0,0,0,0,0,0,0,0,0,0,0,0,0,1,0,359800,"mg_r"
287,1100,2021,157,"östergötland",0,1,0,0,1,0,0,0,0,0,0,0,0,0,0,0,0,0,0,1,0,269900,"mg_5"
288,730,2022,180,"jönköping",0,0,0,1,1,0,0,0,0,0,0,0,0,0,0,0,0,0,0,0,1,389900,"mg_marvel"
289,2190,2021,143,"blekinge",0,0,0,1,1,0,0,0,0,0,0,0,0,0,0,0,0,0,0,0,1,219800,"mg_zs"
290,1766,2022,289,"kronoberg",0,0,0,1,0,1,0,0,0,0,0,0,0,0,0,0,0,0,0,0,1,389900,"mg_r"
291,2896,2022,157,"kalmar",0,1,0,0,1,0,0,0,0,0,0,0,0,0,0,0,0,0,0,0,1,334800,"mg_5"
292,500,2022,157,"södermanland",0,0,0,1,1,0,0,0,0,0,0,0,0,0,0,0,0,0,0,1,0,319900,"mg_zs"
293,2716,2022,157,"kronoberg",0,0,0,1,1,0,0,0,0,0,0,0,0,0,0,0,0,0,0,1,0,294800,"mg_zs"
294,2148,2021,143,"kronoberg",0,0,0,1,1,0,0,0,0,0,0,0,0,0,0,0,0,1,0,0,0,214800,"mg_zs"
295,3694,2022,157,"kronoberg",0,0,0,1,1,0,0,0,1,0,0,0,0,0,0,0,0,0,0,0,0,294800,"mg_zs"
296,1000,2022,177,"jönköping",0,0,1,0,1,0,0,0,0,0,0,0,0,0,0,0,0,0,0,0,1,309900,"mg_5"
297,1600,2022,289,"jönköping",0,0,0,1,0,1,0,0,0,0,0,0,0,0,0,0,0,0,0,0,1,457900,"mg_r"
298,1295,2022,157,"dalarna",0,0,0,1,1,0,0,0,0,0,0,0,0,0,0,0,0,0,0,0,1,289900,"mg_zs"
299,1940,2022,180,"västmanland",0,0,0,1,1,0,0,0,1,0,0,0,0,0,0,0,0,0,0,0,0,369900,"mg_r"
300,2650,2022,177,"västra götaland",0,1,0,0,1,0,0,0,0,0,0,0,0,0,0,0,0,1,0,0,0,311750,"mg_5"
301,500,2022,157,"kalmar",0,1,0,0,1,0,0,0,0,0,0,0,0,0,0,0,0,1,0,0,0,329900,"mg_5"
302,2336,2022,177,"jönköping",0,1,0,0,1,0,0,0,0,0,0,0,0,0,0,0,0,0,0,1,0,279800,"mg_5"
303,700,2023,436,"kronoberg",1,0,0,0,0,1,0,0,0,1,0,0,0,0,0,0,0,0,0,0,0,437000,"mg_4"
304,500,2022,180,"östergötland",0,0,0,1,1,0,0,0,0,0,0,0,0,0,0,0,0,0,0,0,1,399900,"mg_r"
305,500,2022,177,"blekinge",0,1,0,0,1,0,0,0,1,0,0,0,0,0,0,0,0,0,0,0,0,344500,"mg_5"
306,950,2022,204,"södermanland",1,0,0,0,1,0,0,0,0,0,0,0,0,0,0,0,0,0,0,1,0,339800,"mg_4"
307,950,2022,157,"södermanland",0,0,0,1,1,0,0,0,0,0,0,0,0,0,0,0,0,0,0,0,1,334800,"mg_zs"
308,2500,2022,157,"kalmar",0,1,0,0,1,0,0,0,0,0,0,0,0,0,0,0,0,0,0,1,0,339900,"mg_5"
309,950,2022,157,"södermanland",0,0,0,1,1,0,0,0,0,0,0,0,0,0,0,0,0,0,0,0,1,334800,"mg_zs"
310,900,2022,157,"östergötland",0,1,0,0,1,0,0,0,0,0,0,0,0,0,0,0,0,1,0,0,0,289900,"mg_5"
311,4331,2021,191,"stockholm",0,0,0,1,1,0,0,0,0,0,0,0,0,0,0,0,0,0,0,0,1,408900,"mb_eqa"
312,7695,2020,408,"stockholm",0,0,0,1,0,1,0,0,1,0,0,0,0,0,0,0,0,0,0,0,0,473900,"mb_eqc"
313,6531,2021,191,"stockholm",0,0,0,1,1,0,0,0,0,0,0,0,0,0,0,0,0,0,0,0,1,434900,"mb_eqa"
314,1280,2022,229,"stockholm",0,0,0,1,0,1,0,0,0,0,0,0,0,0,1,0,0,0,0,0,0,474900,"mb_eqa"
315,4919,2020,408,"stockholm",0,0,0,1,0,1,0,0,0,0,0,0,0,0,0,0,0,1,0,0,0,494900,"mb_eqc"
316,1650,2022,229,"kalmar",0,0,0,1,0,1,0,0,0,0,0,0,0,0,0,0,0,1,0,0,0,549900,"mb_eqb"
317,2100,2021,408,"stockholm",0,0,0,1,0,1,0,0,1,0,0,0,0,0,0,0,0,0,0,0,0,548900,"mb_eqc"
318,3900,2023,293,"kalmar",0,0,1,0,1,0,0,0,0,0,0,0,0,0,0,0,0,0,0,1,0,659000,"mb_eqe"
319,7629,2022,191,"stockholm",0,0,0,1,1,0,0,0,0,0,0,0,0,0,1,0,0,0,0,0,0,434900,"mb_eqa"
320,1320,2023,245,"kalmar",0,0,1,0,1,0,0,0,1,0,0,0,0,0,0,0,0,0,0,0,0,659000,"mb_eqe"
321,840,2022,301,"södermanland",0,0,0,1,1,0,0,0,0,0,0,0,0,0,0,0,0,0,0,1,0,499000,"ford_mustang"
322,3600,2021,301,"jönköping",1,0,0,0,1,0,1,0,0,0,0,0,0,0,0,0,0,0,0,0,0,438800,"ford_mustang"
323,1525,2022,301,"jönköping",0,0,1,0,1,0,0,0,0,0,0,0,0,0,0,0,0,0,0,1,0,679800,"ford_mustang"
324,1086,2022,301,"östergötland",0,0,0,1,1,0,0,0,1,0,0,0,0,0,0,0,0,0,0,0,0,499900,"ford_mustang"
325,1445,2022,301,"östergötland",0,0,1,0,1,0,0,0,0,0,0,0,0,0,0,0,0,0,0,0,1,499900,"ford_mustang"
326,1097,2022,301,"östergötland",0,0,1,0,1,0,0,0,0,0,0,0,0,0,0,0,0,1,0,0,0,499900,"ford_mustang"
327,1120,2022,372,"jönköping",1,0,0,0,0,1,0,0,1,0,0,0,0,0,0,0,0,0,0,0,0,499900,"ford_mustang"
328,1390,2022,301,"jönköping",1,0,0,0,1,0,0,0,0,0,0,0,0,0,0,0,0,0,0,1,0,499900,"ford_mustang"
329,780,2022,301,"jönköping",1,0,0,0,1,0,0,0,0,0,0,0,0,0,0,0,0,0,0,1,0,499900,"ford_mustang"
330,1660,2022,301,"jönköping",1,0,0,0,1,0,0,0,1,0,0,0,0,0,0,0,0,0,0,0,0,499900,"ford_mustang"
331,614,2022,301,"jönköping",0,0,1,0,1,0,0,0,1,0,0,0,0,0,0,0,0,0,0,0,0,499900,"ford_mustang"
332,5600,2021,372,"östergötland",0,0,0,1,0,1,0,0,1,0,0,0,0,0,0,0,0,0,0,0,0,499900,"ford_mustang"
333,5421,2022,351,"stockholm",0,0,0,1,0,1,0,0,0,0,0,0,0,0,0,0,0,0,0,1,0,489900,"ford_mustang"
334,9335,2021,294,"stockholm",0,0,0,1,1,0,1,0,0,0,0,0,0,0,0,0,0,0,0,0,0,399900,"ford_mustang"
335,1150,2022,301,"jönköping",1,0,0,0,1,0,0,0,0,0,0,0,0,0,0,0,0,0,0,1,0,524000,"ford_mustang"
336,5265,2021,372,"stockholm",0,0,0,1,0,1,0,0,0,0,0,0,0,0,0,0,0,1,0,0,0,479900,"ford_mustang"
337,2180,2022,301,"jönköping",1,0,0,0,1,0,0,0,0,0,0,0,0,0,0,0,0,1,0,0,0,699900,"ford_mustang"
338,1000,2022,301,"jönköping",0,0,0,1,1,0,0,0,0,0,0,0,0,0,0,0,0,0,0,1,0,509000,"ford_mustang"
339,4459,2021,372,"södermanland",0,0,0,1,0,1,0,0,0,0,0,0,0,0,0,0,0,0,0,0,1,519800,"ford_mustang"
340,3000,2021,270,"västmanland",0,0,0,1,0,1,0,0,1,0,0,0,0,0,0,0,0,0,0,0,0,419000,"ford_mustang"
341,2547,2022,301,"jönköping",0,0,1,0,1,0,0,0,0,0,0,0,0,0,0,0,0,1,0,0,0,499900,"ford_mustang"
342,1170,2022,301,"örebro",0,0,0,1,1,0,0,0,0,0,0,0,0,0,0,0,0,0,0,0,1,499900,"ford_mustang"
343,1500,2022,297,"västra götaland",0,0,0,1,1,0,0,0,0,0,0,0,0,0,0,0,0,0,0,1,0,539900,"ford_mustang"
344,1600,2022,298,"västra götaland",0,0,0,1,1,0,0,0,0,0,0,0,0,0,0,0,0,0,0,1,0,539900,"ford_mustang"
345,1366,2022,298,"västra götaland",0,0,0,1,1,0,0,0,1,0,0,0,0,0,0,0,0,0,0,0,0,539900,"ford_mustang"
346,1100,2023,374,"örebro",0,0,0,1,0,1,0,0,0,0,0,0,0,0,0,0,0,0,0,1,0,649800,"ford_mustang"
347,3117,2023,301,"kronoberg",0,0,0,1,1,0,1,0,0,0,0,0,0,0,0,0,0,0,0,0,0,578700,"ford_mustang"
348,1809,2022,301,"jönköping",0,0,1,0,1,0,0,0,1,0,0,0,0,0,0,0,0,0,0,0,0,499900,"ford_mustang"
349,1000,2022,301,"jönköping",0,0,0,1,1,0,0,0,0,0,0,0,0,0,0,0,0,0,0,1,0,599900,"ford_mustang"
350,956,2022,301,"kronoberg",1,0,0,0,1,0,0,0,1,0,0,0,0,0,0,0,0,0,0,0,0,499900,"ford_mustang"
351,1220,2022,301,"jönköping",1,0,0,0,1,0,0,0,0,0,0,0,0,0,0,0,0,0,0,0,1,499900,"ford_mustang"
352,3300,2022,301,"jönköping",0,0,0,1,1,0,1,0,0,0,0,0,0,0,0,0,0,0,0,0,0,529700,"ford_mustang"
353,1236,2022,301,"östergötland",0,0,1,0,1,0,0,0,0,0,0,0,0,0,0,0,0,0,0,1,0,499900,"ford_mustang"
354,600,2022,372,"kalmar",0,0,0,1,0,1,0,0,0,0,0,0,0,0,0,0,0,1,0,0,0,805700,"ford_mustang"
355,2200,2022,301,"södermanland",0,0,0,1,1,0,0,0,1,0,0,0,0,0,0,0,0,0,0,0,0,770700,"ford_mustang"
356,2400,2022,301,"östergötland",0,0,0,1,1,0,1,0,0,0,0,0,0,0,0,0,0,0,0,0,0,551900,"ford_mustang"
357,1244,2022,301,"jönköping",0,0,0,1,1,0,0,0,0,0,0,0,0,0,0,0,0,1,0,0,0,499900,"ford_mustang"
358,1547,2022,298,"västra götaland",0,0,0,1,1,0,0,0,1,0,0,0,0,0,0,0,0,0,0,0,0,539900,"ford_mustang"
359,1650,2022,301,"östergötland",0,0,0,1,1,0,0,0,0,0,0,0,0,0,0,0,0,0,0,0,1,739900,"ford_mustang"
360,1400,2022,301,"jönköping",0,0,0,1,1,0,0,0,0,0,0,0,0,0,0,0,0,0,0,0,1,539700,"ford_mustang"
361,1485,2022,298,"västra götaland",0,0,0,1,1,0,0,0,0,0,0,0,0,0,0,0,0,1,0,0,0,539900,"ford_mustang"
362,1553,2022,372,"kronoberg",0,0,0,1,0,1,0,0,0,0,0,0,0,0,0,0,0,0,0,0,1,763800,"ford_mustang"
363,2800,2022,301,"södermanland",0,0,0,1,1,0,0,0,0,0,0,0,0,0,0,0,0,1,0,0,0,774700,"ford_mustang"
364,2090,2022,301,"jönköping",1,0,0,0,1,0,0,0,0,0,0,0,0,0,0,0,1,0,0,0,0,469900,"ford_mustang"
365,5078,2018,184,"stockholm",1,0,0,0,1,0,0,0,0,0,0,0,0,0,0,0,0,1,0,0,0,218900,"bmw_i3s"
366,5055,2017,170,"stockholm",1,0,0,0,1,0,0,0,0,0,0,0,0,0,0,0,0,0,1,0,0,199700,"bmw_i3"
367,9476,2017,170,"skåne",1,0,0,0,1,0,1,0,0,0,0,0,0,0,0,0,0,0,0,0,0,188900,"bmw_i3"
368,8670,2017,170,"skåne",1,0,0,0,1,0,0,0,0,0,0,0,0,0,0,0,0,0,0,0,1,188900,"bmw_i3"
369,2109,2022,286,"kronoberg",0,0,0,1,1,0,0,0,0,0,0,0,0,0,0,0,0,0,0,1,0,639800,"bmw_ix3"
370,9403,2019,184,"stockholm",1,0,0,0,1,0,0,0,0,0,0,0,0,0,0,0,0,0,0,1,0,221900,"bmw_i3s"
371,4427,2019,170,"stockholm",1,0,0,0,1,0,0,0,0,0,0,0,0,0,0,0,0,0,0,0,1,219900,"bmw_i3"
372,3077,2020,170,"stockholm",1,0,0,0,1,0,0,0,0,0,0,0,0,0,0,0,0,0,0,0,1,217900,"bmw_i3"
373,6544,2019,184,"stockholm",1,0,0,0,1,0,0,0,0,0,0,0,0,0,0,0,0,0,0,1,0,221900,"bmw_i3s"
374,2834,2020,170,"stockholm",1,0,0,0,1,0,0,0,0,0,0,0,0,0,0,0,0,0,0,0,1,219900,"bmw_i3"
375,6391,2019,170,"stockholm",1,0,0,0,1,0,0,0,0,0,0,0,0,0,0,0,0,0,0,1,0,203900,"bmw_i3"
376,5789,2019,184,"stockholm",1,0,0,0,1,0,0,1,0,0,0,0,0,0,0,0,0,0,0,0,0,219900,"bmw_i3s"
377,4690,2020,184,"stockholm",1,0,0,0,1,0,0,0,0,0,0,0,0,0,0,0,0,0,0,0,1,224900,"bmw_i3s"
378,6946,2018,184,"stockholm",1,0,0,0,1,0,0,0,0,0,0,0,0,0,0,0,0,1,0,0,0,183900,"bmw_i3s"
379,5881,2019,184,"stockholm",1,0,0,0,1,0,0,0,0,0,0,0,0,0,0,0,0,1,0,0,0,235900,"bmw_i3s"
380,1479,2022,170,"stockholm",1,0,0,0,1,0,0,0,0,0,0,0,0,0,0,0,0,0,0,0,1,261900,"bmw_i3"
381,4595,2020,184,"stockholm",1,0,0,0,1,0,0,0,1,0,0,0,0,0,0,0,0,0,0,0,0,244900,"bmw_i3"
382,5921,2018,184,"stockholm",1,0,0,0,1,0,1,0,0,0,0,0,0,0,0,0,0,0,0,0,0,219800,"bmw_i3s"
383,2018,2022,184,"stockholm",1,0,0,0,1,0,1,0,0,0,0,0,0,0,0,0,0,0,0,0,0,292900,"bmw_i3s"
384,2189,2022,184,"stockholm",1,0,0,0,1,0,0,0,1,0,0,0,0,0,0,0,0,0,0,0,0,272900,"bmw_i3"
385,5502,2017,170,"västra götaland",1,0,0,0,1,0,0,0,0,0,0,0,0,0,0,0,0,0,0,1,0,204800,"bmw_i3"
386,9096,2015,170,"skåne",1,0,0,0,1,0,0,0,0,0,0,0,0,0,0,0,0,0,0,0,1,149800,"bmw_i3"
387,3190,2023,340,"jönköping",1,0,0,0,1,0,0,0,0,0,0,0,0,0,0,0,0,0,0,0,1,599800,"bmw_i4"
388,2990,2020,170,"jönköping",1,0,0,0,1,0,0,0,0,0,0,0,0,0,0,0,0,0,0,0,1,224900,"bmw_i3"
389,1449,2023,272,"kalmar",0,0,0,1,0,1,0,0,0,0,0,0,0,0,0,0,0,0,0,1,0,589900,"bmw_ix1"
390,2778,2022,327,"kalmar",0,0,0,1,0,1,0,0,1,0,0,0,0,0,0,0,0,0,0,0,0,759900,"bmw_ix"
391,3150,2021,286,"kalmar",0,0,0,1,1,0,0,0,0,0,0,0,0,0,0,0,0,0,1,0,0,559900,"bmw_ix3"
392,3133,2020,170,"stockholm",1,0,0,0,1,0,0,0,0,0,0,0,0,0,0,0,0,0,0,0,1,228900,"bmw_i3"
393,6224,2018,184,"skåne",1,0,0,0,1,0,0,0,0,0,0,0,0,0,0,0,0,0,0,1,0,209800,"bmw_i3s"
394,1700,2021,184,"södermanland",1,0,0,0,1,0,0,0,0,0,0,0,0,0,0,0,0,0,0,0,1,309900,"bmw_i3s"
395,9668,2018,170,"västernorrland",1,0,0,0,1,0,1,0,0,0,0,0,0,0,0,0,0,0,0,0,0,179900,"bmw_i3"
396,750,2024,272,"kalmar",0,0,0,1,0,1,0,0,0,0,0,0,0,0,0,0,0,0,0,1,0,699800,"bmw_ix1"
397,890,2024,306,"blekinge",0,0,0,1,0,1,0,0,1,0,0,0,0,0,0,0,0,0,0,0,0,719800,"bmw_ix2"
398,3940,2020,170,"jönköping",1,0,0,0,1,0,0,0,0,0,0,0,0,0,0,0,0,0,0,0,1,219900,"bmw_i3"
399,12220,2020,286,"jönköping",0,0,0,1,1,0,0,0,0,0,0,0,0,0,0,0,0,0,0,0,1,439900,"bmw_ix3"
400,3865,2022,327,"kalmar",0,0,0,1,0,1,0,0,0,0,0,0,0,0,0,0,0,0,0,1,0,649800,"bmw_ix"
401,6500,2022,327,"kalmar",0,0,0,1,0,1,0,0,0,0,0,0,0,0,0,0,0,0,0,0,1,629800,"bmw_ix"
402,3555,2018,170,"västmanland",1,0,0,0,1,0,0,0,0,0,0,0,0,0,0,0,0,1,0,0,0,208900,"bmw_i3"
403,5918,2021,184,"stockholm",1,0,0,0,1,0,0,0,0,0,0,0,0,0,0,0,0,0,0,0,1,234900,"bmw_i3s"
404,2696,2021,184,"kalmar",1,0,0,0,1,0,0,0,0,0,0,0,0,0,0,0,0,0,0,0,1,369900,"bmw_i3s"
405,2231,2021,184,"västra götaland",1,0,0,0,1,0,0,0,1,0,0,0,0,0,0,0,0,0,0,0,0,329900,"bmw_i3s"
406,2082,2021,184,"kalmar",1,0,0,0,1,0,0,0,0,0,0,0,0,0,0,0,0,0,0,0,1,289800,"bmw_i3s"
407,4545,2022,327,"blekinge",0,0,0,1,0,1,0,0,1,0,0,0,0,0,0,0,0,0,0,0,0,697000,"bmw_ix"
408,2651,2022,170,"östergötland",1,0,0,0,1,0,0,0,0,0,0,0,0,0,0,0,0,0,0,1,0,288900,"bmw_i3"
409,775,2024,340,"västra götaland",1,0,0,0,1,0,0,0,0,1,0,0,0,0,0,0,0,0,0,0,0,678900,"bmw_i4"
