"Miltal","Modellår","Biltyp","Drivning","Hästkrafter","Färg","Län","Pris..Y.","Märkell"
"1491","2022","halvkombi","2","204","grå","kronoberg","349800","hyundai_kona"
"9800","2019","sedan","2","120","svart","västra götaland","144000","hyundai_ioniq"
"6729","2020","suv","4","408","svart","skåne","528900","audi_e-tron"
"1270","2022","suv","2","136","röd","uppsala","259900","hyundai_kona"
"11748","2020","halvkombi","2","136","blå","örebro","209800","hyundai_ioniq"
"4355","2020","suv","4","408","svart","skåne","548900","audi_e-tron"
"6400","2022","suv","2","204","blå","örebro","319800","hyundai_kona"
"7400","2020","suv","2","204","grå","örebro","274800","hyundai_kona"
"4998","2020","suv","2","204","grå","örebro","289800","hyundai_kona"
"3525","2020","suv","2","204","röd","örebro","289800","hyundai_kona"
"3990","2023","sedan","4","476","svart","blekinge","867000","audi_e-tron"
"9975","2019","suv","2","204","mörkgrå","blekinge","237000","hyundai_kona"
"4045","2022","suv","4","300","grå","kalmar","549900","audi_q4"
"5100","2021","sedan","2","218","grå","västra götaland","459900","hyundai_ioniq"
"9100","2022","suv","2","218","svart","jönköping","419900","hyundai_ioniq"
"4073","2021","suv","4","408","grå","stockholm","534900","audi_e-tron"
"4277","2022","suv","2","204","blå","stockholm","478900","audi_q4"
"10500","2019","suv","4","408","svart","skåne","409800","audi_e-tron"
"3520","2021","suv","4","504","svart","västra götaland","719800","audi_e-tron"
"9162","2019","suv","4","408","svart","stockholm","425900","audi_e-tron"
"3977","2022","suv","4","408","grå","stockholm","626900","audi_e-tron"
"3411","2022","suv","2","204","brun","stockholm","343900","hyundai_kona"
"2289","2022","suv","2","218","grön","stockholm","439900","hyundai_ioniq"
"2732","2022","suv","2","170","svart","stockholm","386900","audi_q4"
"5483","2021","suv","4","408","svart","stockholm","494900","audi_e-tron"
"1638","2022","suv","2","170","grå","stockholm","391900","audi_q4"
"3550","2021","suv","4","408","svart","stockholm","497900","audi_e-tron"
"9188","2019","suv","4","408","grå","stockholm","384900","audi_e-tron"
"7466","2019","halvkombi","2","120","ljusgrå","stockholm","185900","hyundai_ioniq"
"7735","2020","halvkombi","2","136","vit","stockholm","208900","hyundai_ioniq"
"7417","2020","suv","4","408","svart","stockholm","414900","audi_e-tron"
"5425","2022","suv","4","408","blå","stockholm","620900","audi_e-tron"
"7052","2021","suv","4","408","grå","stockholm","503900","audi_e-tron"
"2941","2022","suv","4","408","vit","stockholm","628900","audi_e-tron"
"5244","2020","suv","4","408","svart","stockholm","433900","audi_e-tron"
"5110","2020","suv","2","136","vit","stockholm","199900","hyundai_kona"
"3478","2022","suv","4","408","grå","stockholm","624900","audi_e-tron"
"5244","2022","suv","4","300","svart","stockholm","504900","audi_q4"
"7367","2022","suv","4","408","grå","stockholm","583900","audi_e-tron"
"2998","2023","suv","2","204","grå","stockholm","474900","audi_q4"
"4373","2021","suv","4","504","silver","stockholm","692900","audi_e-tron"
"1950","2022","suv","2","204","svart","kalmar","379900","hyundai_kona"
"4232","2020","halvkombi","2","136","röd","stockholm","200000","hyundai_ioniq"
"8826","2020","suv","4","408","grå","stockholm","479900","audi_e-tron"
"4000","2019","halvkombi","2","120","grå","örebro","199800","hyundai_ioniq"
"4200","2021","halvkombi","2","150","svart","skåne","189000","nissan_leaf"
"7880","2022","halvkombi","2","218","vit","örebro","279800","nissan_leaf"
"610","2023","halvkombi","2","150","mörkblå","jönköping","298800","nissan_leaf"
"1500","2023","halvkombi","2","150","vit","västra götaland","309900","nissan_leaf"
"673","2022","halvkombi","2","150","vit","östergötland","219900","nissan_leaf"
"8227","214","halvkombi","2","109","silver","gotland","109800","nissan_leaf"
"605","2023","halvkombi","2","150","mörkblå","kronoberg","259800","nissan_leaf"
"800","2022","halvkombi","2","150","mörkblå","halland","279800","nissan_leaf"
"3300","2022","halvkombi","2","150","vit","stockholm","184900","nissan_leaf"
"6600","2019","halvkombi","2","150","vit","norrbotten","179900","nissan_leaf"
"11333","2017","halvkombi","2","109","vit","skåne","120000","nissan_leaf"
"14821","2018","halvkombi","2","150","röd","västmanland","159700","nissan_leaf"
"1528","2022","halvkombi","2","150","grå","stockholm","238900","nissan_leaf"
"3234","2021","halvkombi","2","150","vit","östergötland","198900","nissan_leaf"
"5892","2019","halvkombi","2","150","vit","skåne","197800","nissan_leaf"
"8491","2021","halvkombi","2","218","röd","stockholm","217900","nissan_leaf"
"8323","2018","halvkombi","2","150","röd","stockholm","159900","nissan_leaf"
"2149","2022","halvkombi","2","150","ljusgrå","stockholm","210900","nissan_leaf"
"8043","2021","halvkombi","2","218","grå","stockholm","221900","nissan_leaf"
"2826","2022","halvkombi","2","150","röd","stockholm","205900","nissan_leaf"
"2741","2022","halvkombi","2","150","grå","stockholm","205900","nissan_leaf"
"7385","2019","halvkombi","2","150","ljusgrön","stockholm","184900","nissan_leaf"
"4109","2022","halvkombi","2","150","vit","stockholm","189900","nissan_leaf"
"3158","2022","halvkombi","2","150","vit","stockholm","199900","nissan_leaf"
"3986","2021","halvkombi","2","150","vit","stockholm","181900","nissan_leaf"
"4085","2021","halvkombi","2","150","röd","stockholm","185900","nissan_leaf"
"1927","2022","halvkombi","2","218","grå","stockholm","290900","nissan_leaf"
"3998","2021","halvkombi","2","150","vit","stockholm","181900","nissan_leaf"
"3041","2021","halvkombi","2","150","vit","stockholm","178900","nissan_leaf"
"1504","2022","halvkombi","2","218","grå","stockholm","288900","nissan_leaf"
"6106","2019","halvkombi","2","150","vit","stockholm","176900","nissan_leaf"
"2720","2020","halvkombi","2","150","brun","jönköping","239900","nissan_leaf"
"15536","2020","halvkombi","2","218","mörkgrå","stockholm","199900","nissan_leaf"
"4468","2021","halvkombi","2","150","svart","kalmar","245000","nissan_leaf"
"9650","2016","halvkombi","2","109","svart","västra götaland","128800","nissan_leaf"
"2570","2022","halvkombi","2","150","ljusgrå","stockholm","214900","nissan_leaf"
"2723","2016","halvkombi","2","109","brun","halland","129000","nissan_leaf"
"2027","2020","halvkombi","2","150","röd","skåne","199900","nissan_leaf"
"567","2023","suv","2","221","mörkgrön","västerbotten","499900","nissan_ariya"
"5310","2020","halvkombi","2","218","vit","jönköping","254900","nissan_leaf"
"2955","2022","halvkombi","2","150","vit","södermanland","209000","nissan_leaf"
"2078","2023","suv","2","243","svart","stockholm","499900","nissan_ariya"
"3440","2021","halvkombi","2","150","röd","dalarna","209900","nissan_leaf"
"700","2023","suv","2","243","ljusgrå","kalmar","599900","nissan_ariya"
"950","2023","suv","2","243","blå","jönköping","579800","nissan_ariya"
"4990","2020","suv","4","313","grå","östergötland","415900","audi_e-tron"
"9208","2020","suv","4","313","svart","stockholm","354900","audi_e-tron"
"5326","2022","suv","4","408","silver","stockholm","594900","audi_e-tron"
"3438","2020","suv","4","408","blå","västra götaland","589800","audi_e-tron"
"4937","2020","suv","4","313","svart","västra götaland","399800","audi_e-tron"
"500","2023","sedan","2","325","röd","jönköping","589900","hyundai_ioniq"
"900","2023","sedan","4","325","grå","jönköping","609900","hyundai_ioniq"
"7200","2019","halvkombi","2","204","orange","jönköping","259900","hyundai_kona"
"7213","2018","halvkombi","2","120","mörkblå","uppsala","169400","hyundai_ioniq"
"2133","2021","halvkombi","2","204","vit","kronoberg","329800","hyundai_kona"
"8649","2017","halvkombi","2","120","silver","stockholm","177900","hyundai_ioniq"
"2952","2019","halvkombi","2","120","silver","västra götaland","184000","hyundai_ioniq"
"2070","2021","halvkombi","2","204","röd","kalmar","334900","hyundai_kona"
"6900","2020","suv","2","204","vit","jönköping","269900","hyundai_kona"
"4500","2020","suv","4","313","svart","västra götaland","439000","audi_e-tron"
"8897","2022","suv","2","218","vit","kronoberg","419900","hyundai_ioniq"
"1554","2023","suv","2","204","grå","skåne","549000","audi_q4"
"4000","2021","halvkombi","2","218","grå","jönköping","459800","hyundai_ioniq"
"1700","2023","sedan","4","325","vit","jönköping","599900","hyundai_ioniq"
"588","2023","suv","2","229","grön","västra götaland","549900","hyundai_ioniq"
"5937","2020","halvkombi","2","136","grå","östergötland","229000","hyundai_ioniq"
"1600","2023","sedan","4","325","blå","örebro","609900","hyundai_ioniq"
"1600","2023","sedan","4","325","blå","örebro","599900","hyundai_ioniq"
"1900","2023","suv","4","325","grå","örebro","548900","hyundai_ioniq"
"700","2024","suv","2","218","grå","jönköping","595200","hyundai_kona"
"1000","2023","sedan","4","325","svart","jönköping","660700","hyundai_ioniq"
"2600","2019","halvkombi","2","120","vit","blekinge","219900","hyundai_ioniq"
"2600","2021","suv","4","408","röd","västra götaland","619000","audi_e-tron"
"5656","2019","halvkombi","2","120","blå","skåne","184500","hyundai_ioniq"
"10283","2020","halvkombi","2","138","vit","västra götaland","219900","hyundai_ioniq"
"10895","2021","suv","4","408","svart","värmland","439500","audi_e-tron"
"500","2023","sedan","2","325","svart","jönköping","639800","hyundai_ioniq"
"800","2024","suv","2","218","grå","kalmar","569900","hyundai_kona"
"1400","2023","suv","4","300","svart","västra götaland","605000","audi_q4"
"2990","2023","sedan","4","325","grå","västra götaland","634900","hyundai_ioniq"
"600","2023","halvkombi","4","325","grå","västra götaland","619900","hyundai_ioniq"
"3730","2020","suv","4","408","svart","värmland","459500","audi_e-tron"
"600","2024","sedan","4","325","blå","kalmar","639800","hyundai_ioniq"
"1000","2023","sedan","4","325","vit","kalmar","599900","hyundai_ioniq"
"1350","2023","sedan","4","325","blå","jönköping","599900","hyundai_ioniq"
"500","2024","suv","2","218","grå","kronoberg","595200","hyundai_kona"
"1290","2023","sedan","4","325","vit","jönköping","609900","hyundai_ioniq"
"9900","2020","suv","2","204","vit","västra götaland","259900","hyundai_kona"
"800","2024","suv","2","218","vit","västra götaland","549900","hyundai_kona"
"1500","2023","sedan","4","325","blå","västra götaland","599900","hyundai_ioniq"
"800","2023","suv","2","325","gul","blekinge","639800","hyundai_ioniq"
"600","2023","halvkombi","4","325","grå","kronoberg","599900","hyundai_ioniq"
"850","2023","sedan","4","325","blå","blekinge","599900","hyundai_ioniq"
"3000","2020","halvkombi","2","120","vit","skåne","229900","hyundai_ioniq"
"3683","2022","suv","4","300","mörkgrå","stockholm","457900","volkswagen_id.4"
"4423","2021","suv","2","204","vit","stockholm","390900","volkswagen_id.4"
"2350","2021","suv","2","204","mörkgrå","skåne","449900","volkswagen_id.4"
"2207","2022","suv","4","300","mörkgrå","stockholm","494900","volkswagen_id.4"
"2789","2016","halvkombi","2","82","vit","västerbotten","129900","volkswagen_e-up!"
"7700","2015","halvkombi","2","82","silver","västra götaland","89000","volkswagen_e-up!"
"4478","2020","halvkombi","2","83","gul","stockholm","153900","volkswagen_e-up!"
"9471","2020","halvkombi","2","83","vit","stockholm","144900","volkswagen_e-up!"
"3438","2022","suv","4","300","vit","stockholm","449900","volkswagen_id.4"
"3820","2020","halvkombi","2","204","vit","stockholm","304900","volkswagen_id.3"
"2143","2022","suv","4","300","vit","stockholm","455900","volkswagen_id.4"
"3253","2021","halvkombi","2","204","mörkgrå","stockholm","278900","volkswagen_id.3"
"5500","2021","halvkombi","2","204","mörkgrå","stockholm","351900","volkswagen_id.3"
"4969","2021","suv","2","204","mörkgrå","stockholm","379900","volkswagen_id.4"
"4431","2021","suv","2","170","grå","stockholm","324900","volkswagen_id.4"
"4979","2021","suv","2","204","blå","stockholm","390900","volkswagen_id.4"
"2967","2022","suv","4","300","silver","stockholm","458900","volkswagen_id.5"
"4878","2018","halvkombi","2","136","vit","stockholm","189900","volkswagen_e-golf"
"2969","2021","suv","2","170","grå","stockholm","339900","volkswagen_id.4"
"5659","2021","suv","2","204","blå","stockholm","368900","volkswagen_id.4"
"4388","2020","halvkombi","2","136","vit","stockholm","211900","volkswagen_e-golf"
"2226","2020","halvkombi","2","83","vit","västra götaland","140000","volkswagen_e-up!"
"1700","2020","halvkombi","2","83","vit","blekinge","189900","volkswagen_e-up!"
"2008","2020","halvkombi","2","83","vit","blekinge","179900","volkswagen_e-up!"
"6231","2021","suv","2","204","vit","stockholm","407900","volkswagen_id.4"
"5800","2018","halvkombi","2","136","svart","västmanland","209900","volkswagen_e-golf"
"8200","2014","halvkombi","2","82","silver","stockholm","119900","volkswagen_e-up!"
"6200","2017","halvkombi","2","82","vit","blekinge","139000","volkswagen_e-up!"
"11865","2019","halvkombi","2","136","vit","norrbotten","199900","volkswagen_e-golf"
"5211","2018","halvkombi","2","136","vit","västra götaland","179800","volkswagen_e-golf"
"6624","2019","halvkombi","2","136","vit","västra götaland","184800","volkswagen_e-golf"
"5329","2018","halvkombi","2","136","vit","västra götaland","189900","volkswagen_e-golf"
"4491","2022","suv","2","204","mörkgrå","stockholm","449900","volkswagen_id.4"
"2923","2020","halvkombi","2","136","vit","västerbotten","239000","volkswagen_e-golf"
"4315","2020","halvkombi","2","83","silver","dalarna","169900","volkswagen_e-up!"
"9082","2021","halvkombi","2","204","grå","västmanland","239000","volkswagen_id.3"
"10135","2021","suv","2","204","blå","värmland","329500","volkswagen_id.4"
"2787","2021","halvkombi","2","204","grå","södermanland","274800","volkswagen_id.3"
"1700","2023","suv","2","204","grå","västra götaland","419900","volkswagen_id.4"
"5843","2020","halvkombi","2","207","röd","stockholm","388800","volkswagen_id.3"
"3000","2021","halvkombi","2","204","vit","södermanland","307000","volkswagen_id.3"
"1560","2023","suv","2","207","blå","västra götaland","439900","volkswagen_id.4"
"4530","2021","suv","2","204","gul","stockholm","378900","volkswagen_id.4"
"5400","2022","suv","4","300","blå","norrbotten","549900","volkswagen_id.4"
"1500","2023","suv","4","300","svart","södermanland","549000","volkswagen_id.4"
"1740","2022","suv","4","300","grå","södermanland","467500","volkswagen_id.4"
"2940","2022","suv","4","300","vit","uppsala","484900","volkswagen_id.4"
"1045","2023","suv","4","304","svart","västra götaland","549900","volkswagen_id.4"
"3229","2022","sedan","4","498","vit","stockholm","484900","tesla_3"
"2723","2021","sedan","4","441","svart","stockholm","434900","tesla_3"
"10500","2019","suv","4","423","grå","skåne","549900","tesla_x"
"6315","2021","sedan","4","446","grå","västra götaland","438400","tesla_3"
"5902","2021","sedan","4","441","vit","norrbotten","448500","tesla_3"
"8183","2020","sedan","4","491","vit","stockholm","365900","tesla_3"
"7234","2021","sedan","4","441","vit","västmanland","399800","tesla_3"
"5200","2022","sedan","4","498","blå","kalmar","459700","tesla_3"
"3899","2020","sedan","4","510","vit","skåne","410900","tesla_3"
"5620","2021","sedan","4","513","grå","stockholm","428900","tesla_3"
"7308","2019","sedan","4","476","röd","stockholm","344900","tesla_3"
"8589","2021","sedan","4","441","vit","stockholm","374800","tesla_3"
"5321","2021","sedan","4","498","vit","stockholm","406900","tesla_3"
"11524","2015","halvkombi","4","423","röd","västra götaland","318900","tesla_s"
"17069","2019","halvkombi","4","762","grå","västra götaland","500000","tesla_s"
"16454","2015","sedan","4","334","vit","västra götaland","259900","tesla_s"
"10823","2016","halvkombi","4","423","svart","västra götaland","439900","tesla_s"
"15949","2016","suv","4","540","vit","västra götaland","459900","tesla_x"
"15288","2015","halvkombi","4","334","svart","västra götaland","269900","tesla_s"
"2933","2020","sedan","4","441","svart","halland","409900","tesla_3"
"2499","2021","sedan","4","330","vit","västra götaland","387800","tesla_3"
"15024","2015","halvkombi","4","512","grå","västra götaland","375000","tesla_s"
"7710","2019","sedan","4","463","blå","västra götaland","349900","tesla_3"
"5718","2021","sedan","4","513","vit","skåne","499900","tesla_3"
"8898","2017","suv","4","423","vit","skåne","499900","tesla_x"
"13400","2016","halvkombi","4","320","vit","skåne","319900","tesla_s"
"1000","2022","suv","4","346","grå","skåne","509900","tesla_y"
"7995","2020","halvkombi","4","512","grå","skåne","579900","tesla_s"
"9997","2020","sedan","4","441","vit","skåne","349900","tesla_3"
"6998","2020","halvkombi","4","815","vit","skåne","899900","tesla_s"
"8998","2017","suv","4","525","grå","skåne","699900","tesla_x"
"3798","2019","halvkombi","4","772","svart","skåne","849900","tesla_s"
"3298","2020","sedan","4","513","vit","skåne","519900","tesla_3"
"13100","2018","halvkombi","4","334","vit","södermanland","390000","tesla_s"
"9198","2020","sedan","4","259","röd","södermanland","319900","tesla_3"
"6906","2018","halvkombi","4","525","svart","uppsala","399900","tesla_s"
"3163","2022","suv","4","346","vit","uppsala","589700","tesla_y"
"1600","2023","suv","4","300","vit","västmanland","506000","tesla_y"
"5800","2022","sedan","4","513","vit","västmanland","469000","tesla_3"
"3451","2021","sedan","4","325","vit","stockholm","362900","tesla_3"
"5866","2021","sedan","4","498","vit","stockholm","402900","tesla_3"
"5045","2021","suv","4","514","blå","stockholm","489900","tesla_y"
"2357","2021","suv","4","514","vit","stockholm","491900","tesla_y"
"7740","2021","suv","4","346","vit","stockholm","483900","tesla_y"
"3713","2019","sedan","4","441","blå","stockholm","376900","tesla_3"
"1605","2023","suv","2","204","svart","stockholm","388900","kia_niro"
"4550","2020","suv","2","204","vit","stockholm","299000","kia_niro"
"1100","2023","suv","2","239","grå","skåne","529000","kia_ev6"
"934","2022","suv","2","325","vit","skåne","559000","kia_ev6"
"4385","2020","suv","2","204","vit","stockholm","298900","kia_niro"
"2401","2023","suv","2","325","grå","västernorrland","579900","kia_ev6"
"777","2023","suv","2","229","svart","kronoberg","625300","kia_ev6"
"5434","2019","suv","2","204","grå","stockholm","281900","kia_niro"
"4394","2022","suv","4","325","svart","stockholm","501900","kia_ev6"
"5004","2022","suv","2","218","grå","stockholm","451900","kia_ev6"
"3032","2022","suv","4","325","svart","stockholm","510900","kia_ev6"
"7387","2019","suv","2","204","svart","stockholm","258900","kia_niro"
"2991","2023","suv","4","325","blå","stockholm","519900","kia_ev6"
"1849","2023","suv","4","325","röd","stockholm","558900","kia_ev6"
"8908","2022","suv","4","325","svart","stockholm","476900","kia_ev6"
"7647","2021","suv","2","204","vit","västra götaland","259900","kia_soul"
"1570","2022","suv","2","204","vit","södermanland","334800","kia_ev6"
"11800","2015","suv","2","136","vit","västra götaland","110000","kia_soul"
"5165","2022","suv","4","325","blå","stockholm","517900","kia_ev6"
"3590","2021","suv","2","204","svart","stockholm","320900","kia_niro"
"3537","2022","suv","4","325","svart","stockholm","534900","kia_ev6"
"12900","2019","suv","2","204","grå","stockholm","239900","kia_niro"
"1650","2023","suv","2","204","grå","skåne","389000","kia_niro"
"5000","2021","suv","2","204","vit","skåne","309000","kia_niro"
"1400","2023","suv","2","229","grå","skåne","499000","kia_ev6"
"5848","2021","suv","2","204","svart","västra götaland","299000","kia_niro"
"1155","2024","suv","4","385","vit","västerbotten","809900","kia_ev9"
"520","2023","suv","4","585","röd","skåne","649000","kia_ev6"
"4033","2019","suv","2","111","vit","västra götaland","165000","kia_soul"
"13237","2016","suv","2","136","vit","östergötland","139900","kia_soul"
"3900","2023","suv","2","204","vit","skåne","385000","kia_niro"
"4780","2021","suv","2","204","röd","dalarna","529000","kia_ev6"
"800","2024","suv","4","385","svart","skåne","799000","kia_ev9"
"2690","2021","suv","2","204","grå","skåne","339000","kia_niro"
"5412","2021","suv","2","204","grå","skåne","279900","kia_soul"
"2000","2023","suv","4","325","vit","skåne","579000","kia_ev6"
"6032","2020","suv","2","204","svart","västra götaland","279000","kia_niro"
"1100","2024","suv","4","385","blå","västra götaland","839000","kia_ev9"
"6140","2020","suv","2","204","svart","skåne","279000","kia_niro"
"1000","2024","suv","4","325","vit","västra götaland","638400","kia_ev6"
"500","2024","suv","4","385","grå","västra götaland","819000","kia_ev9"
"5721","2020","suv","2","204","röd","norrbotten","289900","kia_soul"
"6036","2021","suv","2","204","svart","örebro","315800","kia_niro"
"2925","2023","suv","4","325","vit","västra götaland","569000","kia_ev6"
"1500","2022","kombi","2","177","grå","kalmar","334900","mg_5"
"4380","2021","suv","4","289","svart","blekinge","359800","mg_r"
"3609","2021","suv","2","143","röd","jönköping","219400","mg_zs"
"1127","2022","kombi","2","177","grå","västra götaland","309900","mg_5"
"3579","2020","suv","2","143","svart","jönköping","219900","mg_zs"
"3920","2021","suv","2","157","vit","kalmar","299800","mg_zs"
"4180","2022","suv","2","180","svart","stockholm","329900","mg_r"
"3129","2021","suv","2","143","blå","stockholm","209900","mg_zs"
"1650","2020","sedan","2","143","svart","jönköping","219900","mg_zs"
"1329","2022","suv","4","289","svart","södermanland","359800","mg_r"
"1100","2021","kombi","2","157","svart","östergötland","269900","mg_5"
"730","2022","suv","2","180","vit","jönköping","389900","mg_marvel"
"2190","2021","suv","2","143","vit","blekinge","219800","mg_zs"
"1766","2022","suv","4","289","vit","kronoberg","389900","mg_r"
"2896","2022","kombi","2","157","vit","kalmar","334800","mg_5"
"500","2022","suv","2","157","svart","södermanland","319900","mg_zs"
"2716","2022","suv","2","157","svart","kronoberg","294800","mg_zs"
"2148","2021","suv","2","143","röd","kronoberg","214800","mg_zs"
"3694","2022","suv","2","157","grå","kronoberg","294800","mg_zs"
"1000","2022","sedan","2","177","vit","jönköping","309900","mg_5"
"1600","2022","suv","4","289","vit","jönköping","457900","mg_r"
"1295","2022","suv","2","157","vit","dalarna","289900","mg_zs"
"1940","2022","suv","2","180","grå","västmanland","369900","mg_r"
"2650","2022","kombi","2","177","röd","västra götaland","311750","mg_5"
"500","2022","kombi","2","157","röd","kalmar","329900","mg_5"
"2336","2022","kombi","2","177","svart","jönköping","279800","mg_5"
"700","2023","halvkombi","4","436","grön","kronoberg","437000","mg_4"
"500","2022","suv","2","180","vit","östergötland","399900","mg_r"
"500","2022","kombi","2","177","grå","blekinge","344500","mg_5"
"950","2022","halvkombi","2","204","svart","södermanland","339800","mg_4"
"950","2022","suv","2","157","vit","södermanland","334800","mg_zs"
"2500","2022","kombi","2","157","svart","kalmar","339900","mg_5"
"950","2022","suv","2","157","vit","södermanland","334800","mg_zs"
"900","2022","kombi","2","157","röd","östergötland","289900","mg_5"
"4331","2021","suv","2","191","vit","stockholm","408900","mb_eqa"
"7695","2020","suv","4","408","grå","stockholm","473900","mb_eqc"
"6531","2021","suv","2","191","vit","stockholm","434900","mb_eqa"
"1280","2022","suv","4","229","mörkgrå","stockholm","474900","mb_eqa"
"4919","2020","suv","4","408","röd","stockholm","494900","mb_eqc"
"1650","2022","suv","4","229","röd","kalmar","549900","mb_eqb"
"2100","2021","suv","4","408","grå","stockholm","548900","mb_eqc"
"3900","2023","sedan","2","293","svart","kalmar","659000","mb_eqe"
"7629","2022","suv","2","191","mörkgrå","stockholm","434900","mb_eqa"
"1320","2023","sedan","2","245","grå","kalmar","659000","mb_eqe"
"840","2022","suv","2","301","svart","södermanland","499000","ford_mustang"
"3600","2021","halvkombi","2","301","blå","jönköping","438800","ford_mustang"
"1525","2022","sedan","2","301","svart","jönköping","679800","ford_mustang"
"1086","2022","suv","2","301","grå","östergötland","499900","ford_mustang"
"1445","2022","sedan","2","301","vit","östergötland","499900","ford_mustang"
"1097","2022","sedan","2","301","röd","östergötland","499900","ford_mustang"
"1120","2022","halvkombi","4","372","grå","jönköping","499900","ford_mustang"
"1390","2022","halvkombi","2","301","svart","jönköping","499900","ford_mustang"
"780","2022","halvkombi","2","301","svart","jönköping","499900","ford_mustang"
"1660","2022","halvkombi","2","301","grå","jönköping","499900","ford_mustang"
"614","2022","sedan","2","301","grå","jönköping","499900","ford_mustang"
"5600","2021","suv","4","372","grå","östergötland","499900","ford_mustang"
"5421","2022","suv","4","351","svart","stockholm","489900","ford_mustang"
"9335","2021","suv","2","294","blå","stockholm","399900","ford_mustang"
"1150","2022","halvkombi","2","301","svart","jönköping","524000","ford_mustang"
"5265","2021","suv","4","372","röd","stockholm","479900","ford_mustang"
"2180","2022","halvkombi","2","301","röd","jönköping","699900","ford_mustang"
"1000","2022","suv","2","301","svart","jönköping","509000","ford_mustang"
"4459","2021","suv","4","372","vit","södermanland","519800","ford_mustang"
"3000","2021","suv","4","270","grå","västmanland","419000","ford_mustang"
"2547","2022","sedan","2","301","röd","jönköping","499900","ford_mustang"
"1170","2022","suv","2","301","vit","örebro","499900","ford_mustang"
"1500","2022","suv","2","297","svart","västra götaland","539900","ford_mustang"
"1600","2022","suv","2","298","svart","västra götaland","539900","ford_mustang"
"1366","2022","suv","2","298","grå","västra götaland","539900","ford_mustang"
"1100","2023","suv","4","374","svart","örebro","649800","ford_mustang"
"3117","2023","suv","2","301","blå","kronoberg","578700","ford_mustang"
"1809","2022","sedan","2","301","grå","jönköping","499900","ford_mustang"
"1000","2022","suv","2","301","svart","jönköping","599900","ford_mustang"
"956","2022","halvkombi","2","301","grå","kronoberg","499900","ford_mustang"
"1220","2022","halvkombi","2","301","vit","jönköping","499900","ford_mustang"
"3300","2022","suv","2","301","blå","jönköping","529700","ford_mustang"
"1236","2022","sedan","2","301","svart","östergötland","499900","ford_mustang"
"600","2022","suv","4","372","röd","kalmar","805700","ford_mustang"
"2200","2022","suv","2","301","grå","södermanland","770700","ford_mustang"
"2400","2022","suv","2","301","blå","östergötland","551900","ford_mustang"
"1244","2022","suv","2","301","röd","jönköping","499900","ford_mustang"
"1547","2022","suv","2","298","grå","västra götaland","539900","ford_mustang"
"1650","2022","suv","2","301","vit","östergötland","739900","ford_mustang"
"1400","2022","suv","2","301","vit","jönköping","539700","ford_mustang"
"1485","2022","suv","2","298","röd","västra götaland","539900","ford_mustang"
"1553","2022","suv","4","372","vit","kronoberg","763800","ford_mustang"
"2800","2022","suv","2","301","röd","södermanland","774700","ford_mustang"
"2090","2022","halvkombi","2","301","orange","jönköping","469900","ford_mustang"
"5078","2018","halvkombi","2","184","röd","stockholm","218900","bmw_i3s"
"5055","2017","halvkombi","2","170","silver","stockholm","199700","bmw_i3"
"9476","2017","halvkombi","2","170","blå","skåne","188900","bmw_i3"
"8670","2017","halvkombi","2","170","vit","skåne","188900","bmw_i3"
"2109","2022","suv","2","286","svart","kronoberg","639800","bmw_ix3"
"9403","2019","halvkombi","2","184","svart","stockholm","221900","bmw_i3s"
"4427","2019","halvkombi","2","170","vit","stockholm","219900","bmw_i3"
"3077","2020","halvkombi","2","170","vit","stockholm","217900","bmw_i3"
"6544","2019","halvkombi","2","184","svart","stockholm","221900","bmw_i3s"
"2834","2020","halvkombi","2","170","vit","stockholm","219900","bmw_i3"
"6391","2019","halvkombi","2","170","svart","stockholm","203900","bmw_i3"
"5789","2019","halvkombi","2","184","brun","stockholm","219900","bmw_i3s"
"4690","2020","halvkombi","2","184","vit","stockholm","224900","bmw_i3s"
"6946","2018","halvkombi","2","184","röd","stockholm","183900","bmw_i3s"
"5881","2019","halvkombi","2","184","röd","stockholm","235900","bmw_i3s"
"1479","2022","halvkombi","2","170","vit","stockholm","261900","bmw_i3"
"4595","2020","halvkombi","2","184","grå","stockholm","244900","bmw_i3"
"5921","2018","halvkombi","2","184","blå","stockholm","219800","bmw_i3s"
"2018","2022","halvkombi","2","184","blå","stockholm","292900","bmw_i3s"
"2189","2022","halvkombi","2","184","grå","stockholm","272900","bmw_i3"
"5502","2017","halvkombi","2","170","svart","västra götaland","204800","bmw_i3"
"9096","2015","halvkombi","2","170","vit","skåne","149800","bmw_i3"
"3190","2023","halvkombi","2","340","vit","jönköping","599800","bmw_i4"
"2990","2020","halvkombi","2","170","vit","jönköping","224900","bmw_i3"
"1449","2023","suv","4","272","svart","kalmar","589900","bmw_ix1"
"2778","2022","suv","4","327","grå","kalmar","759900","bmw_ix"
"3150","2021","suv","2","286","silver","kalmar","559900","bmw_ix3"
"3133","2020","halvkombi","2","170","vit","stockholm","228900","bmw_i3"
"6224","2018","halvkombi","2","184","svart","skåne","209800","bmw_i3s"
"1700","2021","halvkombi","2","184","vit","södermanland","309900","bmw_i3s"
"9668","2018","halvkombi","2","170","blå","västernorrland","179900","bmw_i3"
"750","2024","suv","4","272","svart","kalmar","699800","bmw_ix1"
"890","2024","suv","4","306","grå","blekinge","719800","bmw_ix2"
"3940","2020","halvkombi","2","170","vit","jönköping","219900","bmw_i3"
"12220","2020","suv","2","286","vit","jönköping","439900","bmw_ix3"
"3865","2022","suv","4","327","svart","kalmar","649800","bmw_ix"
"6500","2022","suv","4","327","vit","kalmar","629800","bmw_ix"
"3555","2018","halvkombi","2","170","röd","västmanland","208900","bmw_i3"
"5918","2021","halvkombi","2","184","vit","stockholm","234900","bmw_i3s"
"2696","2021","halvkombi","2","184","vit","kalmar","369900","bmw_i3s"
"2231","2021","halvkombi","2","184","grå","västra götaland","329900","bmw_i3s"
"2082","2021","halvkombi","2","184","vit","kalmar","289800","bmw_i3s"
"4545","2022","suv","4","327","grå","blekinge","697000","bmw_ix"
"2651","2022","halvkombi","2","170","svart","östergötland","288900","bmw_i3"
"775","2024","halvkombi","2","340","grön","västra götaland","678900","bmw_i4"
